-- phpMyAdmin SQL Dump
-- version 4.8.3
-- https://www.phpmyadmin.net/
--
-- Host: 127.0.0.1:3306
-- Generation Time: Jan 21, 2019 at 03:19 PM
-- Server version: 5.7.23
-- PHP Version: 5.6.38

SET SQL_MODE = "NO_AUTO_VALUE_ON_ZERO";
SET AUTOCOMMIT = 0;
START TRANSACTION;
SET time_zone = "+00:00";


/*!40101 SET @OLD_CHARACTER_SET_CLIENT=@@CHARACTER_SET_CLIENT */;
/*!40101 SET @OLD_CHARACTER_SET_RESULTS=@@CHARACTER_SET_RESULTS */;
/*!40101 SET @OLD_COLLATION_CONNECTION=@@COLLATION_CONNECTION */;
/*!40101 SET NAMES utf8mb4 */;

--
-- Database: `emp_mgmt_sys`
--
CREATE DATABASE IF NOT EXISTS `emp_mgmt_sys` DEFAULT CHARACTER SET latin1 COLLATE latin1_swedish_ci;
USE `emp_mgmt_sys`;

-- --------------------------------------------------------

--
-- Table structure for table `migrations`
--

DROP TABLE IF EXISTS `migrations`;
CREATE TABLE IF NOT EXISTS `migrations` (
  `id` int(10) UNSIGNED NOT NULL AUTO_INCREMENT,
  `migration` varchar(255) COLLATE utf8mb4_unicode_ci NOT NULL,
  `batch` int(11) NOT NULL,
  PRIMARY KEY (`id`)
) ENGINE=MyISAM DEFAULT CHARSET=utf8mb4 COLLATE=utf8mb4_unicode_ci;

-- --------------------------------------------------------

--
-- Table structure for table `users`
--

DROP TABLE IF EXISTS `users`;
CREATE TABLE IF NOT EXISTS `users` (
  `id` int(10) UNSIGNED NOT NULL AUTO_INCREMENT,
  `name` varchar(255) COLLATE utf8mb4_unicode_ci NOT NULL,
  `email` varchar(255) COLLATE utf8mb4_unicode_ci NOT NULL,
  `email_verified_at` timestamp NULL DEFAULT NULL,
  `password` varchar(255) COLLATE utf8mb4_unicode_ci NOT NULL,
  `remember_token` varchar(100) COLLATE utf8mb4_unicode_ci DEFAULT NULL,
  `created_at` timestamp NULL DEFAULT NULL,
  `updated_at` timestamp NULL DEFAULT NULL,
  PRIMARY KEY (`id`)
) ENGINE=MyISAM DEFAULT CHARSET=utf8mb4 COLLATE=utf8mb4_unicode_ci;
--
-- Database: `flight_data`
--
CREATE DATABASE IF NOT EXISTS `flight_data` DEFAULT CHARACTER SET latin1 COLLATE latin1_swedish_ci;
USE `flight_data`;

-- --------------------------------------------------------

--
-- Table structure for table `airports`
--

DROP TABLE IF EXISTS `airports`;
CREATE TABLE IF NOT EXISTS `airports` (
  `id` int(10) UNSIGNED NOT NULL AUTO_INCREMENT,
  `iataCode` varchar(255) COLLATE utf8mb4_unicode_ci NOT NULL,
  `city` varchar(255) COLLATE utf8mb4_unicode_ci NOT NULL,
  `state` varchar(255) COLLATE utf8mb4_unicode_ci NOT NULL,
  `created_at` timestamp NULL DEFAULT NULL,
  `updated_at` timestamp NULL DEFAULT NULL,
  PRIMARY KEY (`id`)
) ENGINE=MyISAM DEFAULT CHARSET=utf8mb4 COLLATE=utf8mb4_unicode_ci;

-- --------------------------------------------------------

--
-- Table structure for table `customers`
--

DROP TABLE IF EXISTS `customers`;
CREATE TABLE IF NOT EXISTS `customers` (
  `id` int(10) UNSIGNED NOT NULL AUTO_INCREMENT,
  `firstName` varchar(255) COLLATE utf8mb4_unicode_ci NOT NULL,
  `lastName` varchar(255) COLLATE utf8mb4_unicode_ci NOT NULL,
  `created_at` timestamp NULL DEFAULT NULL,
  `updated_at` timestamp NULL DEFAULT NULL,
  PRIMARY KEY (`id`)
) ENGINE=MyISAM DEFAULT CHARSET=utf8mb4 COLLATE=utf8mb4_unicode_ci;

-- --------------------------------------------------------

--
-- Table structure for table `flights`
--

DROP TABLE IF EXISTS `flights`;
CREATE TABLE IF NOT EXISTS `flights` (
  `id` int(10) UNSIGNED NOT NULL AUTO_INCREMENT,
  `flightNumber` varchar(255) COLLATE utf8mb4_unicode_ci NOT NULL,
  `arrivalAirport_id` int(11) NOT NULL,
  `arrivalDateTime` datetime NOT NULL,
  `departureAirport_id` int(11) NOT NULL,
  `departureDateTime` datetime NOT NULL,
  `status` varchar(255) COLLATE utf8mb4_unicode_ci NOT NULL,
  `created_at` timestamp NULL DEFAULT NULL,
  `updated_at` timestamp NULL DEFAULT NULL,
  PRIMARY KEY (`id`)
) ENGINE=MyISAM DEFAULT CHARSET=utf8mb4 COLLATE=utf8mb4_unicode_ci;

-- --------------------------------------------------------

--
-- Table structure for table `flight_customer`
--

DROP TABLE IF EXISTS `flight_customer`;
CREATE TABLE IF NOT EXISTS `flight_customer` (
  `id` int(10) UNSIGNED NOT NULL AUTO_INCREMENT,
  `flight_id` int(11) NOT NULL,
  `customer_id` int(11) NOT NULL,
  `created_at` timestamp NULL DEFAULT NULL,
  `updated_at` timestamp NULL DEFAULT NULL,
  PRIMARY KEY (`id`)
) ENGINE=MyISAM DEFAULT CHARSET=utf8mb4 COLLATE=utf8mb4_unicode_ci;

-- --------------------------------------------------------

--
-- Table structure for table `migrations`
--

DROP TABLE IF EXISTS `migrations`;
CREATE TABLE IF NOT EXISTS `migrations` (
  `id` int(10) UNSIGNED NOT NULL AUTO_INCREMENT,
  `migration` varchar(255) COLLATE utf8mb4_unicode_ci NOT NULL,
  `batch` int(11) NOT NULL,
  PRIMARY KEY (`id`)
) ENGINE=MyISAM AUTO_INCREMENT=5 DEFAULT CHARSET=utf8mb4 COLLATE=utf8mb4_unicode_ci;

--
-- Dumping data for table `migrations`
--

INSERT INTO `migrations` (`id`, `migration`, `batch`) VALUES
(1, '2019_01_21_071313_create_airports_table', 1),
(2, '2019_01_21_071335_create_flights_table', 1),
(3, '2019_01_21_071400_create_customers_table', 1),
(4, '2019_01_21_081201_create_flight_customer', 1);
--
-- Database: `frontaccounting`
--
CREATE DATABASE IF NOT EXISTS `frontaccounting` DEFAULT CHARACTER SET utf8 COLLATE utf8_unicode_ci;
USE `frontaccounting`;

-- --------------------------------------------------------

--
-- Table structure for table `0_areas`
--

DROP TABLE IF EXISTS `0_areas`;
CREATE TABLE IF NOT EXISTS `0_areas` (
  `area_code` int(11) NOT NULL AUTO_INCREMENT,
  `description` varchar(60) COLLATE utf8_unicode_ci NOT NULL DEFAULT '',
  `inactive` tinyint(1) NOT NULL DEFAULT '0',
  PRIMARY KEY (`area_code`),
  UNIQUE KEY `description` (`description`)
) ENGINE=InnoDB AUTO_INCREMENT=2 DEFAULT CHARSET=utf8 COLLATE=utf8_unicode_ci;

--
-- Dumping data for table `0_areas`
--

INSERT INTO `0_areas` (`area_code`, `description`, `inactive`) VALUES
(1, 'Global', 0);

-- --------------------------------------------------------

--
-- Table structure for table `0_attachments`
--

DROP TABLE IF EXISTS `0_attachments`;
CREATE TABLE IF NOT EXISTS `0_attachments` (
  `id` int(11) UNSIGNED NOT NULL AUTO_INCREMENT,
  `description` varchar(60) COLLATE utf8_unicode_ci NOT NULL DEFAULT '',
  `type_no` int(11) NOT NULL DEFAULT '0',
  `trans_no` int(11) NOT NULL DEFAULT '0',
  `unique_name` varchar(60) COLLATE utf8_unicode_ci NOT NULL DEFAULT '',
  `tran_date` date NOT NULL DEFAULT '0000-00-00',
  `filename` varchar(60) COLLATE utf8_unicode_ci NOT NULL DEFAULT '',
  `filesize` int(11) NOT NULL DEFAULT '0',
  `filetype` varchar(60) COLLATE utf8_unicode_ci NOT NULL DEFAULT '',
  PRIMARY KEY (`id`),
  KEY `type_no` (`type_no`,`trans_no`)
) ENGINE=InnoDB DEFAULT CHARSET=utf8 COLLATE=utf8_unicode_ci;

-- --------------------------------------------------------

--
-- Table structure for table `0_audit_trail`
--

DROP TABLE IF EXISTS `0_audit_trail`;
CREATE TABLE IF NOT EXISTS `0_audit_trail` (
  `id` int(11) NOT NULL AUTO_INCREMENT,
  `type` smallint(6) UNSIGNED NOT NULL DEFAULT '0',
  `trans_no` int(11) UNSIGNED NOT NULL DEFAULT '0',
  `user` smallint(6) UNSIGNED NOT NULL DEFAULT '0',
  `stamp` timestamp NOT NULL DEFAULT CURRENT_TIMESTAMP ON UPDATE CURRENT_TIMESTAMP,
  `description` varchar(60) COLLATE utf8_unicode_ci DEFAULT NULL,
  `fiscal_year` int(11) NOT NULL DEFAULT '0',
  `gl_date` date NOT NULL DEFAULT '0000-00-00',
  `gl_seq` int(11) UNSIGNED DEFAULT NULL,
  PRIMARY KEY (`id`),
  KEY `Seq` (`fiscal_year`,`gl_date`,`gl_seq`),
  KEY `Type_and_Number` (`type`,`trans_no`)
) ENGINE=InnoDB DEFAULT CHARSET=utf8 COLLATE=utf8_unicode_ci;

-- --------------------------------------------------------

--
-- Table structure for table `0_bank_accounts`
--

DROP TABLE IF EXISTS `0_bank_accounts`;
CREATE TABLE IF NOT EXISTS `0_bank_accounts` (
  `account_code` varchar(15) COLLATE utf8_unicode_ci NOT NULL DEFAULT '',
  `account_type` smallint(6) NOT NULL DEFAULT '0',
  `bank_account_name` varchar(60) COLLATE utf8_unicode_ci NOT NULL DEFAULT '',
  `bank_account_number` varchar(100) COLLATE utf8_unicode_ci NOT NULL DEFAULT '',
  `bank_name` varchar(60) COLLATE utf8_unicode_ci NOT NULL DEFAULT '',
  `bank_address` tinytext COLLATE utf8_unicode_ci,
  `bank_curr_code` char(3) COLLATE utf8_unicode_ci NOT NULL DEFAULT '',
  `dflt_curr_act` tinyint(1) NOT NULL DEFAULT '0',
  `id` smallint(6) NOT NULL AUTO_INCREMENT,
  `bank_charge_act` varchar(15) COLLATE utf8_unicode_ci NOT NULL DEFAULT '',
  `last_reconciled_date` timestamp NOT NULL DEFAULT '0000-00-00 00:00:00',
  `ending_reconcile_balance` double NOT NULL DEFAULT '0',
  `inactive` tinyint(1) NOT NULL DEFAULT '0',
  PRIMARY KEY (`id`),
  KEY `bank_account_name` (`bank_account_name`),
  KEY `bank_account_number` (`bank_account_number`),
  KEY `account_code` (`account_code`)
) ENGINE=InnoDB AUTO_INCREMENT=3 DEFAULT CHARSET=utf8 COLLATE=utf8_unicode_ci;

--
-- Dumping data for table `0_bank_accounts`
--

INSERT INTO `0_bank_accounts` (`account_code`, `account_type`, `bank_account_name`, `bank_account_number`, `bank_name`, `bank_address`, `bank_curr_code`, `dflt_curr_act`, `id`, `bank_charge_act`, `last_reconciled_date`, `ending_reconcile_balance`, `inactive`) VALUES
('1060', 0, 'Current account', '9999999999', 'Wachovia Bank', NULL, 'INR', 1, 1, '5690', '0000-00-00 00:00:00', 0, 0),
('1065', 3, 'Petty Cash account', 'N/A', 'N/A', NULL, 'INR', 0, 2, '5690', '0000-00-00 00:00:00', 0, 0);

-- --------------------------------------------------------

--
-- Table structure for table `0_bank_trans`
--

DROP TABLE IF EXISTS `0_bank_trans`;
CREATE TABLE IF NOT EXISTS `0_bank_trans` (
  `id` int(11) NOT NULL AUTO_INCREMENT,
  `type` smallint(6) DEFAULT NULL,
  `trans_no` int(11) DEFAULT NULL,
  `bank_act` varchar(15) COLLATE utf8_unicode_ci NOT NULL DEFAULT '',
  `ref` varchar(40) COLLATE utf8_unicode_ci DEFAULT NULL,
  `trans_date` date NOT NULL DEFAULT '0000-00-00',
  `amount` double DEFAULT NULL,
  `dimension_id` int(11) NOT NULL DEFAULT '0',
  `dimension2_id` int(11) NOT NULL DEFAULT '0',
  `person_type_id` int(11) NOT NULL DEFAULT '0',
  `person_id` tinyblob,
  `reconciled` date DEFAULT NULL,
  PRIMARY KEY (`id`),
  KEY `bank_act` (`bank_act`,`ref`),
  KEY `type` (`type`,`trans_no`),
  KEY `bank_act_2` (`bank_act`,`reconciled`),
  KEY `bank_act_3` (`bank_act`,`trans_date`)
) ENGINE=InnoDB DEFAULT CHARSET=utf8 COLLATE=utf8_unicode_ci;

-- --------------------------------------------------------

--
-- Table structure for table `0_bom`
--

DROP TABLE IF EXISTS `0_bom`;
CREATE TABLE IF NOT EXISTS `0_bom` (
  `id` int(11) NOT NULL AUTO_INCREMENT,
  `parent` char(20) COLLATE utf8_unicode_ci NOT NULL DEFAULT '',
  `component` char(20) COLLATE utf8_unicode_ci NOT NULL DEFAULT '',
  `workcentre_added` int(11) NOT NULL DEFAULT '0',
  `loc_code` char(5) COLLATE utf8_unicode_ci NOT NULL DEFAULT '',
  `quantity` double NOT NULL DEFAULT '1',
  PRIMARY KEY (`parent`,`component`,`workcentre_added`,`loc_code`),
  KEY `component` (`component`),
  KEY `id` (`id`),
  KEY `loc_code` (`loc_code`),
  KEY `parent` (`parent`,`loc_code`),
  KEY `workcentre_added` (`workcentre_added`)
) ENGINE=InnoDB DEFAULT CHARSET=utf8 COLLATE=utf8_unicode_ci;

-- --------------------------------------------------------

--
-- Table structure for table `0_budget_trans`
--

DROP TABLE IF EXISTS `0_budget_trans`;
CREATE TABLE IF NOT EXISTS `0_budget_trans` (
  `id` int(11) NOT NULL AUTO_INCREMENT,
  `tran_date` date NOT NULL DEFAULT '0000-00-00',
  `account` varchar(15) COLLATE utf8_unicode_ci NOT NULL DEFAULT '',
  `amount` double NOT NULL DEFAULT '0',
  `dimension_id` int(11) DEFAULT '0',
  `dimension2_id` int(11) DEFAULT '0',
  PRIMARY KEY (`id`),
  KEY `Account` (`account`,`tran_date`,`dimension_id`,`dimension2_id`)
) ENGINE=InnoDB DEFAULT CHARSET=utf8 COLLATE=utf8_unicode_ci;

-- --------------------------------------------------------

--
-- Table structure for table `0_chart_class`
--

DROP TABLE IF EXISTS `0_chart_class`;
CREATE TABLE IF NOT EXISTS `0_chart_class` (
  `cid` varchar(3) COLLATE utf8_unicode_ci NOT NULL,
  `class_name` varchar(60) COLLATE utf8_unicode_ci NOT NULL DEFAULT '',
  `ctype` tinyint(1) NOT NULL DEFAULT '0',
  `inactive` tinyint(1) NOT NULL DEFAULT '0',
  PRIMARY KEY (`cid`)
) ENGINE=InnoDB DEFAULT CHARSET=utf8 COLLATE=utf8_unicode_ci;

--
-- Dumping data for table `0_chart_class`
--

INSERT INTO `0_chart_class` (`cid`, `class_name`, `ctype`, `inactive`) VALUES
('1', 'Assets', 1, 0),
('2', 'Liabilities', 2, 0),
('3', 'Income', 4, 0),
('4', 'Expenses', 6, 0);

-- --------------------------------------------------------

--
-- Table structure for table `0_chart_master`
--

DROP TABLE IF EXISTS `0_chart_master`;
CREATE TABLE IF NOT EXISTS `0_chart_master` (
  `account_code` varchar(15) COLLATE utf8_unicode_ci NOT NULL DEFAULT '',
  `account_code2` varchar(15) COLLATE utf8_unicode_ci NOT NULL DEFAULT '',
  `account_name` varchar(60) COLLATE utf8_unicode_ci NOT NULL DEFAULT '',
  `account_type` varchar(10) COLLATE utf8_unicode_ci NOT NULL DEFAULT '0',
  `inactive` tinyint(1) NOT NULL DEFAULT '0',
  PRIMARY KEY (`account_code`),
  KEY `account_name` (`account_name`),
  KEY `accounts_by_type` (`account_type`,`account_code`)
) ENGINE=InnoDB DEFAULT CHARSET=utf8 COLLATE=utf8_unicode_ci;

--
-- Dumping data for table `0_chart_master`
--

INSERT INTO `0_chart_master` (`account_code`, `account_code2`, `account_name`, `account_type`, `inactive`) VALUES
('1060', '', 'Checking Account', '1', 0),
('1065', '', 'Petty Cash', '1', 0),
('1200', '', 'Accounts Receivables', '1', 0),
('1205', '', 'Allowance for doubtful accounts', '1', 0),
('1510', '', 'Inventory', '2', 0),
('1520', '', 'Stocks of Raw Materials', '2', 0),
('1530', '', 'Stocks of Work In Progress', '2', 0),
('1540', '', 'Stocks of Finsihed Goods', '2', 0),
('1550', '', 'Goods Received Clearing account', '2', 0),
('1820', '', 'Office Furniture and Equipment', '3', 0),
('1825', '', 'Accum. Amort. - Furn. and Equip.', '3', 0),
('1840', '', 'Vehicle', '3', 0),
('1845', '', 'Accum. Amort. - Vehicle', '3', 0),
('2100', '', 'Accounts Payable', '4', 0),
('2110', '', 'Accrued Income Tax - Central', '4', 0),
('2120', '', 'Accrued Income Tax - State', '4', 0),
('2130', '', 'Accrued Franchise Tax', '4', 0),
('2140', '', 'Accrued Real and Personal Prop Tax', '4', 0),
('2145', '', 'Purchase Tax', '4', 0),
('2150', '', 'Sales Tax', '4', 0),
('2160', '', 'Accrued Use Tax Payable', '4', 0),
('2210', '', 'Accrued Wages', '4', 0),
('2220', '', 'Accrued Comp Time', '4', 0),
('2230', '', 'Accrued Holiday Pay', '4', 0),
('2240', '', 'Accrued Vacation Pay', '4', 0),
('2310', '', 'Accr. Benefits - Provident Fund', '4', 0),
('2320', '', 'Accr. Benefits - Stock Purchase', '4', 0),
('2330', '', 'Accr. Benefits - Med, Den', '4', 0),
('2340', '', 'Accr. Benefits - Payroll Taxes', '4', 0),
('2350', '', 'Accr. Benefits - Credit Union', '4', 0),
('2360', '', 'Accr. Benefits - Savings Bond', '4', 0),
('2370', '', 'Accr. Benefits - Group Insurance', '4', 0),
('2380', '', 'Accr. Benefits - Charity Cont.', '4', 0),
('2620', '', 'Bank Loans', '5', 0),
('2680', '', 'Loans from Shareholders', '5', 0),
('3350', '', 'Common Shares', '6', 0),
('3590', '', 'Reserves and Surplus', '7', 0),
('4010', '', 'Sales', '8', 0),
('4430', '', 'Shipping and Handling', '9', 0),
('4440', '', 'Interest', '9', 0),
('4450', '', 'Foreign Exchange Gain', '9', 0),
('4500', '', 'Prompt Payment Discounts', '9', 0),
('4510', '', 'Discounts Given', '9', 0),
('5010', '', 'Cost of Goods Sold - Retail', '10', 0),
('5020', '', 'Material Usage Varaiance', '10', 0),
('5030', '', 'Consumable Materials', '10', 0),
('5040', '', 'Purchase Price Variance', '10', 0),
('5050', '', 'Purchases of Materials', '10', 0),
('5060', '', 'Discounts Received', '10', 0),
('5100', '', 'Freight', '10', 0),
('5410', '', 'Wages and Salaries', '11', 0),
('5420', '', 'Wages - Overtime', '11', 0),
('5430', '', 'Benefits - Comp Time', '11', 0),
('5440', '', 'Benefits - Payroll Taxes', '11', 0),
('5450', '', 'Benefits - Workers Comp', '11', 0),
('5460', '', 'Benefits - Pension', '11', 0),
('5470', '', 'Benefits - General Benefits', '11', 0),
('5510', '', 'Inc Tax Exp - Central', '11', 0),
('5520', '', 'Inc Tax Exp - State', '11', 0),
('5530', '', 'Taxes - Real Estate', '11', 0),
('5540', '', 'Taxes - Personal Property', '11', 0),
('5550', '', 'Taxes - Franchise', '11', 0),
('5560', '', 'Taxes - Foreign Withholding', '11', 0),
('5610', '', 'Accounting and Legal', '12', 0),
('5615', '', 'Advertising and Promotions', '12', 0),
('5620', '', 'Bad Debts', '12', 0),
('5660', '', 'Amortization Expense', '12', 0),
('5685', '', 'Insurance', '12', 0),
('5690', '', 'Interest and Bank Charges', '12', 0),
('5700', '', 'Office Supplies', '12', 0),
('5760', '', 'Rent', '12', 0),
('5765', '', 'Repair and Maintenance', '12', 0),
('5780', '', 'Telephone', '12', 0),
('5785', '', 'Travel and Entertainment', '12', 0),
('5790', '', 'Utilities', '12', 0),
('5795', '', 'Registrations', '12', 0),
('5800', '', 'Licenses', '12', 0),
('5810', '', 'Foreign Exchange Loss', '12', 0),
('9990', '', 'Profit and Loss', '12', 0);

-- --------------------------------------------------------

--
-- Table structure for table `0_chart_types`
--

DROP TABLE IF EXISTS `0_chart_types`;
CREATE TABLE IF NOT EXISTS `0_chart_types` (
  `id` varchar(10) COLLATE utf8_unicode_ci NOT NULL,
  `name` varchar(60) COLLATE utf8_unicode_ci NOT NULL DEFAULT '',
  `class_id` varchar(3) COLLATE utf8_unicode_ci NOT NULL DEFAULT '',
  `parent` varchar(10) COLLATE utf8_unicode_ci NOT NULL DEFAULT '-1',
  `inactive` tinyint(1) NOT NULL DEFAULT '0',
  PRIMARY KEY (`id`),
  KEY `name` (`name`),
  KEY `class_id` (`class_id`)
) ENGINE=InnoDB DEFAULT CHARSET=utf8 COLLATE=utf8_unicode_ci;

--
-- Dumping data for table `0_chart_types`
--

INSERT INTO `0_chart_types` (`id`, `name`, `class_id`, `parent`, `inactive`) VALUES
('1', 'Current Assets', '1', '', 0),
('10', 'Cost of Goods Sold', '4', '', 0),
('11', 'Payroll Expenses', '4', '', 0),
('12', 'General and Admin Expenses', '4', '', 0),
('2', 'Inventory Assets', '1', '', 0),
('3', 'Capital Assets', '1', '', 0),
('4', 'Current Liabilities', '2', '', 0),
('5', 'Long Term Liabilities', '2', '', 0),
('6', 'Share Capital', '2', '', 0),
('7', 'Retained Earnings', '2', '', 0),
('8', 'Sales Revenue', '3', '', 0),
('9', 'Other Revenue', '3', '', 0);

-- --------------------------------------------------------

--
-- Table structure for table `0_comments`
--

DROP TABLE IF EXISTS `0_comments`;
CREATE TABLE IF NOT EXISTS `0_comments` (
  `type` int(11) NOT NULL DEFAULT '0',
  `id` int(11) NOT NULL DEFAULT '0',
  `date_` date DEFAULT '0000-00-00',
  `memo_` tinytext COLLATE utf8_unicode_ci,
  KEY `type_and_id` (`type`,`id`)
) ENGINE=InnoDB DEFAULT CHARSET=utf8 COLLATE=utf8_unicode_ci;

-- --------------------------------------------------------

--
-- Table structure for table `0_credit_status`
--

DROP TABLE IF EXISTS `0_credit_status`;
CREATE TABLE IF NOT EXISTS `0_credit_status` (
  `id` int(11) NOT NULL AUTO_INCREMENT,
  `reason_description` char(100) COLLATE utf8_unicode_ci NOT NULL DEFAULT '',
  `dissallow_invoices` tinyint(1) NOT NULL DEFAULT '0',
  `inactive` tinyint(1) NOT NULL DEFAULT '0',
  PRIMARY KEY (`id`),
  UNIQUE KEY `reason_description` (`reason_description`)
) ENGINE=InnoDB AUTO_INCREMENT=5 DEFAULT CHARSET=utf8 COLLATE=utf8_unicode_ci;

--
-- Dumping data for table `0_credit_status`
--

INSERT INTO `0_credit_status` (`id`, `reason_description`, `dissallow_invoices`, `inactive`) VALUES
(1, 'Good History', 0, 0),
(2, 'Owner Authorisation needed', 1, 0),
(3, 'No more work until payment received', 1, 0),
(4, 'In liquidation', 1, 0);

-- --------------------------------------------------------

--
-- Table structure for table `0_crm_categories`
--

DROP TABLE IF EXISTS `0_crm_categories`;
CREATE TABLE IF NOT EXISTS `0_crm_categories` (
  `id` int(11) NOT NULL AUTO_INCREMENT COMMENT 'pure technical key',
  `type` varchar(20) COLLATE utf8_unicode_ci NOT NULL,
  `action` varchar(20) COLLATE utf8_unicode_ci NOT NULL,
  `name` varchar(30) COLLATE utf8_unicode_ci NOT NULL,
  `description` tinytext COLLATE utf8_unicode_ci NOT NULL,
  `system` tinyint(1) NOT NULL DEFAULT '0' COMMENT 'nonzero for core system usage',
  `inactive` tinyint(1) NOT NULL DEFAULT '0',
  PRIMARY KEY (`id`),
  UNIQUE KEY `type` (`type`,`action`),
  UNIQUE KEY `type_2` (`type`,`name`)
) ENGINE=InnoDB AUTO_INCREMENT=13 DEFAULT CHARSET=utf8 COLLATE=utf8_unicode_ci;

--
-- Dumping data for table `0_crm_categories`
--

INSERT INTO `0_crm_categories` (`id`, `type`, `action`, `name`, `description`, `system`, `inactive`) VALUES
(1, 'cust_branch', 'general', 'General', 'General contact data for customer branch (overrides company setting)', 1, 0),
(2, 'cust_branch', 'invoice', 'Invoices', 'Invoice posting (overrides company setting)', 1, 0),
(3, 'cust_branch', 'order', 'Orders', 'Order confirmation (overrides company setting)', 1, 0),
(4, 'cust_branch', 'delivery', 'Deliveries', 'Delivery coordination (overrides company setting)', 1, 0),
(5, 'customer', 'general', 'General', 'General contact data for customer', 1, 0),
(6, 'customer', 'order', 'Orders', 'Order confirmation', 1, 0),
(7, 'customer', 'delivery', 'Deliveries', 'Delivery coordination', 1, 0),
(8, 'customer', 'invoice', 'Invoices', 'Invoice posting', 1, 0),
(9, 'supplier', 'general', 'General', 'General contact data for supplier', 1, 0),
(10, 'supplier', 'order', 'Orders', 'Order confirmation', 1, 0),
(11, 'supplier', 'delivery', 'Deliveries', 'Delivery coordination', 1, 0),
(12, 'supplier', 'invoice', 'Invoices', 'Invoice posting', 1, 0);

-- --------------------------------------------------------

--
-- Table structure for table `0_crm_contacts`
--

DROP TABLE IF EXISTS `0_crm_contacts`;
CREATE TABLE IF NOT EXISTS `0_crm_contacts` (
  `id` int(11) NOT NULL AUTO_INCREMENT,
  `person_id` int(11) NOT NULL DEFAULT '0' COMMENT 'foreign key to crm_contacts',
  `type` varchar(20) COLLATE utf8_unicode_ci NOT NULL,
  `action` varchar(20) COLLATE utf8_unicode_ci NOT NULL,
  `entity_id` varchar(11) COLLATE utf8_unicode_ci DEFAULT NULL,
  PRIMARY KEY (`id`),
  KEY `type` (`type`,`action`)
) ENGINE=InnoDB AUTO_INCREMENT=3 DEFAULT CHARSET=utf8 COLLATE=utf8_unicode_ci;

--
-- Dumping data for table `0_crm_contacts`
--

INSERT INTO `0_crm_contacts` (`id`, `person_id`, `type`, `action`, `entity_id`) VALUES
(1, 1, 'cust_branch', 'general', '1'),
(2, 1, 'customer', 'general', '1');

-- --------------------------------------------------------

--
-- Table structure for table `0_crm_persons`
--

DROP TABLE IF EXISTS `0_crm_persons`;
CREATE TABLE IF NOT EXISTS `0_crm_persons` (
  `id` int(11) NOT NULL AUTO_INCREMENT,
  `ref` varchar(30) COLLATE utf8_unicode_ci NOT NULL,
  `name` varchar(60) COLLATE utf8_unicode_ci NOT NULL,
  `name2` varchar(60) COLLATE utf8_unicode_ci DEFAULT NULL,
  `address` tinytext COLLATE utf8_unicode_ci,
  `phone` varchar(30) COLLATE utf8_unicode_ci DEFAULT NULL,
  `phone2` varchar(30) COLLATE utf8_unicode_ci DEFAULT NULL,
  `fax` varchar(30) COLLATE utf8_unicode_ci DEFAULT NULL,
  `email` varchar(100) COLLATE utf8_unicode_ci DEFAULT NULL,
  `lang` char(5) COLLATE utf8_unicode_ci DEFAULT NULL,
  `notes` tinytext COLLATE utf8_unicode_ci NOT NULL,
  `inactive` tinyint(1) NOT NULL DEFAULT '0',
  PRIMARY KEY (`id`),
  KEY `ref` (`ref`)
) ENGINE=InnoDB AUTO_INCREMENT=2 DEFAULT CHARSET=utf8 COLLATE=utf8_unicode_ci;

--
-- Dumping data for table `0_crm_persons`
--

INSERT INTO `0_crm_persons` (`id`, `ref`, `name`, `name2`, `address`, `phone`, `phone2`, `fax`, `email`, `lang`, `notes`, `inactive`) VALUES
(1, 'mr. customer', 'mr. customer', '', '', '', '', '', '', '', '', 0);

-- --------------------------------------------------------

--
-- Table structure for table `0_currencies`
--

DROP TABLE IF EXISTS `0_currencies`;
CREATE TABLE IF NOT EXISTS `0_currencies` (
  `currency` varchar(60) COLLATE utf8_unicode_ci NOT NULL DEFAULT '',
  `curr_abrev` char(3) COLLATE utf8_unicode_ci NOT NULL DEFAULT '',
  `curr_symbol` varchar(10) COLLATE utf8_unicode_ci NOT NULL DEFAULT '',
  `country` varchar(100) COLLATE utf8_unicode_ci NOT NULL DEFAULT '',
  `hundreds_name` varchar(15) COLLATE utf8_unicode_ci NOT NULL DEFAULT '',
  `auto_update` tinyint(1) NOT NULL DEFAULT '1',
  `inactive` tinyint(1) NOT NULL DEFAULT '0',
  PRIMARY KEY (`curr_abrev`)
) ENGINE=InnoDB DEFAULT CHARSET=utf8 COLLATE=utf8_unicode_ci;

--
-- Dumping data for table `0_currencies`
--

INSERT INTO `0_currencies` (`currency`, `curr_abrev`, `curr_symbol`, `country`, `hundreds_name`, `auto_update`, `inactive`) VALUES
('Indian Rupees', 'INR', 'Rs', 'India', 'Paise', 0, 0),
('US Dollars', 'USD', '$', 'United States', 'Cents', 1, 0);

-- --------------------------------------------------------

--
-- Table structure for table `0_cust_allocations`
--

DROP TABLE IF EXISTS `0_cust_allocations`;
CREATE TABLE IF NOT EXISTS `0_cust_allocations` (
  `id` int(11) NOT NULL AUTO_INCREMENT,
  `person_id` int(11) DEFAULT NULL,
  `amt` double UNSIGNED DEFAULT NULL,
  `date_alloc` date NOT NULL DEFAULT '0000-00-00',
  `trans_no_from` int(11) DEFAULT NULL,
  `trans_type_from` int(11) DEFAULT NULL,
  `trans_no_to` int(11) DEFAULT NULL,
  `trans_type_to` int(11) DEFAULT NULL,
  PRIMARY KEY (`id`),
  UNIQUE KEY `person_id` (`person_id`,`trans_type_from`,`trans_no_from`,`trans_type_to`,`trans_no_to`),
  KEY `From` (`trans_type_from`,`trans_no_from`),
  KEY `To` (`trans_type_to`,`trans_no_to`)
) ENGINE=InnoDB DEFAULT CHARSET=utf8 COLLATE=utf8_unicode_ci;

-- --------------------------------------------------------

--
-- Table structure for table `0_cust_branch`
--

DROP TABLE IF EXISTS `0_cust_branch`;
CREATE TABLE IF NOT EXISTS `0_cust_branch` (
  `branch_code` int(11) NOT NULL AUTO_INCREMENT,
  `debtor_no` int(11) NOT NULL DEFAULT '0',
  `br_name` varchar(60) COLLATE utf8_unicode_ci NOT NULL DEFAULT '',
  `branch_ref` varchar(30) COLLATE utf8_unicode_ci NOT NULL DEFAULT '',
  `br_address` tinytext COLLATE utf8_unicode_ci NOT NULL,
  `area` int(11) DEFAULT NULL,
  `salesman` int(11) NOT NULL DEFAULT '0',
  `default_location` varchar(5) COLLATE utf8_unicode_ci NOT NULL DEFAULT '',
  `tax_group_id` int(11) DEFAULT NULL,
  `sales_account` varchar(15) COLLATE utf8_unicode_ci NOT NULL DEFAULT '',
  `sales_discount_account` varchar(15) COLLATE utf8_unicode_ci NOT NULL DEFAULT '',
  `receivables_account` varchar(15) COLLATE utf8_unicode_ci NOT NULL DEFAULT '',
  `payment_discount_account` varchar(15) COLLATE utf8_unicode_ci NOT NULL DEFAULT '',
  `default_ship_via` int(11) NOT NULL DEFAULT '1',
  `br_post_address` tinytext COLLATE utf8_unicode_ci NOT NULL,
  `group_no` int(11) NOT NULL DEFAULT '0',
  `notes` tinytext COLLATE utf8_unicode_ci NOT NULL,
  `bank_account` varchar(60) COLLATE utf8_unicode_ci DEFAULT NULL,
  `inactive` tinyint(1) NOT NULL DEFAULT '0',
  PRIMARY KEY (`branch_code`,`debtor_no`),
  KEY `branch_ref` (`branch_ref`),
  KEY `group_no` (`group_no`)
) ENGINE=InnoDB AUTO_INCREMENT=2 DEFAULT CHARSET=utf8 COLLATE=utf8_unicode_ci;

--
-- Dumping data for table `0_cust_branch`
--

INSERT INTO `0_cust_branch` (`branch_code`, `debtor_no`, `br_name`, `branch_ref`, `br_address`, `area`, `salesman`, `default_location`, `tax_group_id`, `sales_account`, `sales_discount_account`, `receivables_account`, `payment_discount_account`, `default_ship_via`, `br_post_address`, `group_no`, `notes`, `bank_account`, `inactive`) VALUES
(1, 1, 'mr. customer', 'mr. customer', '', 1, 1, 'DEF', 1, '', '4510', '1200', '4500', 1, '', 0, '', NULL, 0);

-- --------------------------------------------------------

--
-- Table structure for table `0_debtors_master`
--

DROP TABLE IF EXISTS `0_debtors_master`;
CREATE TABLE IF NOT EXISTS `0_debtors_master` (
  `debtor_no` int(11) NOT NULL AUTO_INCREMENT,
  `name` varchar(100) COLLATE utf8_unicode_ci NOT NULL DEFAULT '',
  `debtor_ref` varchar(30) COLLATE utf8_unicode_ci NOT NULL,
  `address` tinytext COLLATE utf8_unicode_ci,
  `tax_id` varchar(55) COLLATE utf8_unicode_ci NOT NULL DEFAULT '',
  `curr_code` char(3) COLLATE utf8_unicode_ci NOT NULL DEFAULT '',
  `sales_type` int(11) NOT NULL DEFAULT '1',
  `dimension_id` int(11) NOT NULL DEFAULT '0',
  `dimension2_id` int(11) NOT NULL DEFAULT '0',
  `credit_status` int(11) NOT NULL DEFAULT '0',
  `payment_terms` int(11) DEFAULT NULL,
  `discount` double NOT NULL DEFAULT '0',
  `pymt_discount` double NOT NULL DEFAULT '0',
  `credit_limit` float NOT NULL DEFAULT '1000',
  `notes` tinytext COLLATE utf8_unicode_ci NOT NULL,
  `inactive` tinyint(1) NOT NULL DEFAULT '0',
  PRIMARY KEY (`debtor_no`),
  UNIQUE KEY `debtor_ref` (`debtor_ref`),
  KEY `name` (`name`)
) ENGINE=InnoDB AUTO_INCREMENT=2 DEFAULT CHARSET=utf8 COLLATE=utf8_unicode_ci;

--
-- Dumping data for table `0_debtors_master`
--

INSERT INTO `0_debtors_master` (`debtor_no`, `name`, `debtor_ref`, `address`, `tax_id`, `curr_code`, `sales_type`, `dimension_id`, `dimension2_id`, `credit_status`, `payment_terms`, `discount`, `pymt_discount`, `credit_limit`, `notes`, `inactive`) VALUES
(1, 'mr. customer', 'mr. customer', '', '', 'INR', 1, 0, 0, 1, 4, 0, 0, 1000, '', 0);

-- --------------------------------------------------------

--
-- Table structure for table `0_debtor_trans`
--

DROP TABLE IF EXISTS `0_debtor_trans`;
CREATE TABLE IF NOT EXISTS `0_debtor_trans` (
  `trans_no` int(11) UNSIGNED NOT NULL DEFAULT '0',
  `type` smallint(6) UNSIGNED NOT NULL DEFAULT '0',
  `version` tinyint(1) UNSIGNED NOT NULL DEFAULT '0',
  `debtor_no` int(11) UNSIGNED NOT NULL DEFAULT '0',
  `branch_code` int(11) NOT NULL DEFAULT '-1',
  `tran_date` date NOT NULL DEFAULT '0000-00-00',
  `due_date` date NOT NULL DEFAULT '0000-00-00',
  `reference` varchar(60) COLLATE utf8_unicode_ci NOT NULL DEFAULT '',
  `tpe` int(11) NOT NULL DEFAULT '0',
  `order_` int(11) NOT NULL DEFAULT '0',
  `ov_amount` double NOT NULL DEFAULT '0',
  `ov_gst` double NOT NULL DEFAULT '0',
  `ov_freight` double NOT NULL DEFAULT '0',
  `ov_freight_tax` double NOT NULL DEFAULT '0',
  `ov_discount` double NOT NULL DEFAULT '0',
  `alloc` double NOT NULL DEFAULT '0',
  `prep_amount` double NOT NULL DEFAULT '0',
  `rate` double NOT NULL DEFAULT '1',
  `ship_via` int(11) DEFAULT NULL,
  `dimension_id` int(11) NOT NULL DEFAULT '0',
  `dimension2_id` int(11) NOT NULL DEFAULT '0',
  `payment_terms` int(11) DEFAULT NULL,
  `tax_included` tinyint(1) UNSIGNED NOT NULL DEFAULT '0',
  PRIMARY KEY (`type`,`trans_no`,`debtor_no`),
  KEY `debtor_no` (`debtor_no`,`branch_code`),
  KEY `tran_date` (`tran_date`)
) ENGINE=InnoDB DEFAULT CHARSET=utf8 COLLATE=utf8_unicode_ci;

-- --------------------------------------------------------

--
-- Table structure for table `0_debtor_trans_details`
--

DROP TABLE IF EXISTS `0_debtor_trans_details`;
CREATE TABLE IF NOT EXISTS `0_debtor_trans_details` (
  `id` int(11) NOT NULL AUTO_INCREMENT,
  `debtor_trans_no` int(11) DEFAULT NULL,
  `debtor_trans_type` int(11) DEFAULT NULL,
  `stock_id` varchar(20) COLLATE utf8_unicode_ci NOT NULL DEFAULT '',
  `description` tinytext COLLATE utf8_unicode_ci,
  `unit_price` double NOT NULL DEFAULT '0',
  `unit_tax` double NOT NULL DEFAULT '0',
  `quantity` double NOT NULL DEFAULT '0',
  `discount_percent` double NOT NULL DEFAULT '0',
  `standard_cost` double NOT NULL DEFAULT '0',
  `qty_done` double NOT NULL DEFAULT '0',
  `src_id` int(11) DEFAULT NULL,
  PRIMARY KEY (`id`),
  KEY `Transaction` (`debtor_trans_type`,`debtor_trans_no`),
  KEY `src_id` (`src_id`)
) ENGINE=InnoDB DEFAULT CHARSET=utf8 COLLATE=utf8_unicode_ci;

-- --------------------------------------------------------

--
-- Table structure for table `0_dimensions`
--

DROP TABLE IF EXISTS `0_dimensions`;
CREATE TABLE IF NOT EXISTS `0_dimensions` (
  `id` int(11) NOT NULL AUTO_INCREMENT,
  `reference` varchar(60) COLLATE utf8_unicode_ci NOT NULL DEFAULT '',
  `name` varchar(60) COLLATE utf8_unicode_ci NOT NULL DEFAULT '',
  `type_` tinyint(1) NOT NULL DEFAULT '1',
  `closed` tinyint(1) NOT NULL DEFAULT '0',
  `date_` date NOT NULL DEFAULT '0000-00-00',
  `due_date` date NOT NULL DEFAULT '0000-00-00',
  PRIMARY KEY (`id`),
  UNIQUE KEY `reference` (`reference`),
  KEY `date_` (`date_`),
  KEY `due_date` (`due_date`),
  KEY `type_` (`type_`)
) ENGINE=InnoDB DEFAULT CHARSET=utf8 COLLATE=utf8_unicode_ci;

-- --------------------------------------------------------

--
-- Table structure for table `0_exchange_rates`
--

DROP TABLE IF EXISTS `0_exchange_rates`;
CREATE TABLE IF NOT EXISTS `0_exchange_rates` (
  `id` int(11) NOT NULL AUTO_INCREMENT,
  `curr_code` char(3) COLLATE utf8_unicode_ci NOT NULL DEFAULT '',
  `rate_buy` double NOT NULL DEFAULT '0',
  `rate_sell` double NOT NULL DEFAULT '0',
  `date_` date NOT NULL DEFAULT '0000-00-00',
  PRIMARY KEY (`id`),
  UNIQUE KEY `curr_code` (`curr_code`,`date_`)
) ENGINE=InnoDB AUTO_INCREMENT=2 DEFAULT CHARSET=utf8 COLLATE=utf8_unicode_ci;

--
-- Dumping data for table `0_exchange_rates`
--

INSERT INTO `0_exchange_rates` (`id`, `curr_code`, `rate_buy`, `rate_sell`, `date_`) VALUES
(1, 'USD', 46.3052, 46.3052, '2010-02-20');

-- --------------------------------------------------------

--
-- Table structure for table `0_fiscal_year`
--

DROP TABLE IF EXISTS `0_fiscal_year`;
CREATE TABLE IF NOT EXISTS `0_fiscal_year` (
  `id` int(11) NOT NULL AUTO_INCREMENT,
  `begin` date DEFAULT '0000-00-00',
  `end` date DEFAULT '0000-00-00',
  `closed` tinyint(1) NOT NULL DEFAULT '0',
  PRIMARY KEY (`id`),
  UNIQUE KEY `begin` (`begin`),
  UNIQUE KEY `end` (`end`)
) ENGINE=InnoDB AUTO_INCREMENT=2 DEFAULT CHARSET=utf8 COLLATE=utf8_unicode_ci;

--
-- Dumping data for table `0_fiscal_year`
--

INSERT INTO `0_fiscal_year` (`id`, `begin`, `end`, `closed`) VALUES
(1, '2017-04-01', '2018-03-31', 0);

-- --------------------------------------------------------

--
-- Table structure for table `0_gl_trans`
--

DROP TABLE IF EXISTS `0_gl_trans`;
CREATE TABLE IF NOT EXISTS `0_gl_trans` (
  `counter` int(11) NOT NULL AUTO_INCREMENT,
  `type` smallint(6) NOT NULL DEFAULT '0',
  `type_no` int(11) NOT NULL DEFAULT '0',
  `tran_date` date NOT NULL DEFAULT '0000-00-00',
  `account` varchar(15) COLLATE utf8_unicode_ci NOT NULL DEFAULT '',
  `memo_` tinytext COLLATE utf8_unicode_ci NOT NULL,
  `amount` double NOT NULL DEFAULT '0',
  `dimension_id` int(11) NOT NULL DEFAULT '0',
  `dimension2_id` int(11) NOT NULL DEFAULT '0',
  `person_type_id` int(11) DEFAULT NULL,
  `person_id` tinyblob,
  PRIMARY KEY (`counter`),
  KEY `Type_and_Number` (`type`,`type_no`),
  KEY `dimension_id` (`dimension_id`),
  KEY `dimension2_id` (`dimension2_id`),
  KEY `tran_date` (`tran_date`),
  KEY `account_and_tran_date` (`account`,`tran_date`)
) ENGINE=InnoDB DEFAULT CHARSET=utf8 COLLATE=utf8_unicode_ci;

-- --------------------------------------------------------

--
-- Table structure for table `0_grn_batch`
--

DROP TABLE IF EXISTS `0_grn_batch`;
CREATE TABLE IF NOT EXISTS `0_grn_batch` (
  `id` int(11) NOT NULL AUTO_INCREMENT,
  `supplier_id` int(11) NOT NULL DEFAULT '0',
  `purch_order_no` int(11) DEFAULT NULL,
  `reference` varchar(60) COLLATE utf8_unicode_ci NOT NULL DEFAULT '',
  `delivery_date` date NOT NULL DEFAULT '0000-00-00',
  `loc_code` varchar(5) COLLATE utf8_unicode_ci DEFAULT NULL,
  `rate` double DEFAULT '1',
  PRIMARY KEY (`id`),
  KEY `delivery_date` (`delivery_date`),
  KEY `purch_order_no` (`purch_order_no`)
) ENGINE=InnoDB DEFAULT CHARSET=utf8 COLLATE=utf8_unicode_ci;

-- --------------------------------------------------------

--
-- Table structure for table `0_grn_items`
--

DROP TABLE IF EXISTS `0_grn_items`;
CREATE TABLE IF NOT EXISTS `0_grn_items` (
  `id` int(11) NOT NULL AUTO_INCREMENT,
  `grn_batch_id` int(11) DEFAULT NULL,
  `po_detail_item` int(11) NOT NULL DEFAULT '0',
  `item_code` varchar(20) COLLATE utf8_unicode_ci NOT NULL DEFAULT '',
  `description` tinytext COLLATE utf8_unicode_ci,
  `qty_recd` double NOT NULL DEFAULT '0',
  `quantity_inv` double NOT NULL DEFAULT '0',
  PRIMARY KEY (`id`),
  KEY `grn_batch_id` (`grn_batch_id`)
) ENGINE=InnoDB DEFAULT CHARSET=utf8 COLLATE=utf8_unicode_ci;

-- --------------------------------------------------------

--
-- Table structure for table `0_groups`
--

DROP TABLE IF EXISTS `0_groups`;
CREATE TABLE IF NOT EXISTS `0_groups` (
  `id` smallint(6) UNSIGNED NOT NULL AUTO_INCREMENT,
  `description` varchar(60) COLLATE utf8_unicode_ci NOT NULL DEFAULT '',
  `inactive` tinyint(1) NOT NULL DEFAULT '0',
  PRIMARY KEY (`id`),
  UNIQUE KEY `description` (`description`)
) ENGINE=InnoDB AUTO_INCREMENT=4 DEFAULT CHARSET=utf8 COLLATE=utf8_unicode_ci;

--
-- Dumping data for table `0_groups`
--

INSERT INTO `0_groups` (`id`, `description`, `inactive`) VALUES
(1, 'Small', 0),
(2, 'Medium', 0),
(3, 'Large', 0);

-- --------------------------------------------------------

--
-- Table structure for table `0_item_codes`
--

DROP TABLE IF EXISTS `0_item_codes`;
CREATE TABLE IF NOT EXISTS `0_item_codes` (
  `id` int(11) UNSIGNED NOT NULL AUTO_INCREMENT,
  `item_code` varchar(20) COLLATE utf8_unicode_ci NOT NULL,
  `stock_id` varchar(20) COLLATE utf8_unicode_ci NOT NULL,
  `description` varchar(200) COLLATE utf8_unicode_ci NOT NULL DEFAULT '',
  `category_id` smallint(6) UNSIGNED NOT NULL,
  `quantity` double NOT NULL DEFAULT '1',
  `is_foreign` tinyint(1) NOT NULL DEFAULT '0',
  `inactive` tinyint(1) NOT NULL DEFAULT '0',
  PRIMARY KEY (`id`),
  UNIQUE KEY `stock_id` (`stock_id`,`item_code`),
  KEY `item_code` (`item_code`)
) ENGINE=InnoDB AUTO_INCREMENT=2 DEFAULT CHARSET=utf8 COLLATE=utf8_unicode_ci;

--
-- Dumping data for table `0_item_codes`
--

INSERT INTO `0_item_codes` (`id`, `item_code`, `stock_id`, `description`, `category_id`, `quantity`, `is_foreign`, `inactive`) VALUES
(1, '123456', '123456', 'item', 1, 1, 0, 0);

-- --------------------------------------------------------

--
-- Table structure for table `0_item_tax_types`
--

DROP TABLE IF EXISTS `0_item_tax_types`;
CREATE TABLE IF NOT EXISTS `0_item_tax_types` (
  `id` int(11) NOT NULL AUTO_INCREMENT,
  `name` varchar(60) COLLATE utf8_unicode_ci NOT NULL DEFAULT '',
  `exempt` tinyint(1) NOT NULL DEFAULT '0',
  `inactive` tinyint(1) NOT NULL DEFAULT '0',
  PRIMARY KEY (`id`),
  UNIQUE KEY `name` (`name`)
) ENGINE=InnoDB AUTO_INCREMENT=2 DEFAULT CHARSET=utf8 COLLATE=utf8_unicode_ci;

--
-- Dumping data for table `0_item_tax_types`
--

INSERT INTO `0_item_tax_types` (`id`, `name`, `exempt`, `inactive`) VALUES
(1, 'Regular', 0, 0);

-- --------------------------------------------------------

--
-- Table structure for table `0_item_tax_type_exemptions`
--

DROP TABLE IF EXISTS `0_item_tax_type_exemptions`;
CREATE TABLE IF NOT EXISTS `0_item_tax_type_exemptions` (
  `item_tax_type_id` int(11) NOT NULL DEFAULT '0',
  `tax_type_id` int(11) NOT NULL DEFAULT '0',
  PRIMARY KEY (`item_tax_type_id`,`tax_type_id`)
) ENGINE=InnoDB DEFAULT CHARSET=utf8 COLLATE=utf8_unicode_ci;

-- --------------------------------------------------------

--
-- Table structure for table `0_item_units`
--

DROP TABLE IF EXISTS `0_item_units`;
CREATE TABLE IF NOT EXISTS `0_item_units` (
  `abbr` varchar(20) COLLATE utf8_unicode_ci NOT NULL,
  `name` varchar(40) COLLATE utf8_unicode_ci NOT NULL,
  `decimals` tinyint(2) NOT NULL,
  `inactive` tinyint(1) NOT NULL DEFAULT '0',
  PRIMARY KEY (`abbr`),
  UNIQUE KEY `name` (`name`)
) ENGINE=InnoDB DEFAULT CHARSET=utf8 COLLATE=utf8_unicode_ci;

--
-- Dumping data for table `0_item_units`
--

INSERT INTO `0_item_units` (`abbr`, `name`, `decimals`, `inactive`) VALUES
('box', 'Box', 0, 0),
('ctn', 'Carton', 0, 0),
('hrs', 'Hours', 1, 0),
('kg.', 'Kilogram', 0, 0),
('ltr', 'Litre', 0, 0),
('pc.', 'Piece', 0, 0);

-- --------------------------------------------------------

--
-- Table structure for table `0_journal`
--

DROP TABLE IF EXISTS `0_journal`;
CREATE TABLE IF NOT EXISTS `0_journal` (
  `type` smallint(6) NOT NULL DEFAULT '0',
  `trans_no` int(11) NOT NULL DEFAULT '0',
  `tran_date` date DEFAULT '0000-00-00',
  `reference` varchar(60) COLLATE utf8_unicode_ci NOT NULL DEFAULT '',
  `source_ref` varchar(60) COLLATE utf8_unicode_ci NOT NULL DEFAULT '',
  `event_date` date DEFAULT '0000-00-00',
  `doc_date` date NOT NULL DEFAULT '0000-00-00',
  `currency` char(3) COLLATE utf8_unicode_ci NOT NULL DEFAULT '',
  `amount` double NOT NULL DEFAULT '0',
  `rate` double NOT NULL DEFAULT '1',
  PRIMARY KEY (`type`,`trans_no`),
  KEY `tran_date` (`tran_date`)
) ENGINE=InnoDB DEFAULT CHARSET=utf8 COLLATE=utf8_unicode_ci;

-- --------------------------------------------------------

--
-- Table structure for table `0_locations`
--

DROP TABLE IF EXISTS `0_locations`;
CREATE TABLE IF NOT EXISTS `0_locations` (
  `loc_code` varchar(5) COLLATE utf8_unicode_ci NOT NULL DEFAULT '',
  `location_name` varchar(60) COLLATE utf8_unicode_ci NOT NULL DEFAULT '',
  `delivery_address` tinytext COLLATE utf8_unicode_ci NOT NULL,
  `phone` varchar(30) COLLATE utf8_unicode_ci NOT NULL DEFAULT '',
  `phone2` varchar(30) COLLATE utf8_unicode_ci NOT NULL DEFAULT '',
  `fax` varchar(30) COLLATE utf8_unicode_ci NOT NULL DEFAULT '',
  `email` varchar(100) COLLATE utf8_unicode_ci NOT NULL DEFAULT '',
  `contact` varchar(30) COLLATE utf8_unicode_ci NOT NULL DEFAULT '',
  `fixed_asset` tinyint(1) NOT NULL DEFAULT '0',
  `inactive` tinyint(1) NOT NULL DEFAULT '0',
  PRIMARY KEY (`loc_code`)
) ENGINE=InnoDB DEFAULT CHARSET=utf8 COLLATE=utf8_unicode_ci;

--
-- Dumping data for table `0_locations`
--

INSERT INTO `0_locations` (`loc_code`, `location_name`, `delivery_address`, `phone`, `phone2`, `fax`, `email`, `contact`, `fixed_asset`, `inactive`) VALUES
('DEF', 'Default', 'Delivery 1\r\nDelivery 2\r\nDelivery 3', '', '', '', '', '', 0, 0);

-- --------------------------------------------------------

--
-- Table structure for table `0_loc_stock`
--

DROP TABLE IF EXISTS `0_loc_stock`;
CREATE TABLE IF NOT EXISTS `0_loc_stock` (
  `loc_code` char(5) COLLATE utf8_unicode_ci NOT NULL DEFAULT '',
  `stock_id` char(20) COLLATE utf8_unicode_ci NOT NULL DEFAULT '',
  `reorder_level` double NOT NULL DEFAULT '0',
  PRIMARY KEY (`loc_code`,`stock_id`),
  KEY `stock_id` (`stock_id`)
) ENGINE=InnoDB DEFAULT CHARSET=utf8 COLLATE=utf8_unicode_ci;

--
-- Dumping data for table `0_loc_stock`
--

INSERT INTO `0_loc_stock` (`loc_code`, `stock_id`, `reorder_level`) VALUES
('DEF', '123456', 0);

-- --------------------------------------------------------

--
-- Table structure for table `0_payment_terms`
--

DROP TABLE IF EXISTS `0_payment_terms`;
CREATE TABLE IF NOT EXISTS `0_payment_terms` (
  `terms_indicator` int(11) NOT NULL AUTO_INCREMENT,
  `terms` char(80) COLLATE utf8_unicode_ci NOT NULL DEFAULT '',
  `days_before_due` smallint(6) NOT NULL DEFAULT '0',
  `day_in_following_month` smallint(6) NOT NULL DEFAULT '0',
  `inactive` tinyint(1) NOT NULL DEFAULT '0',
  PRIMARY KEY (`terms_indicator`),
  UNIQUE KEY `terms` (`terms`)
) ENGINE=InnoDB AUTO_INCREMENT=5 DEFAULT CHARSET=utf8 COLLATE=utf8_unicode_ci;

--
-- Dumping data for table `0_payment_terms`
--

INSERT INTO `0_payment_terms` (`terms_indicator`, `terms`, `days_before_due`, `day_in_following_month`, `inactive`) VALUES
(1, 'Due 15th Of the Following Month', 0, 17, 0),
(2, 'Due By End Of The Following Month', 0, 30, 0),
(3, 'Payment due within 10 days', 10, 0, 0),
(4, 'Cash Only', 1, 0, 0);

-- --------------------------------------------------------

--
-- Table structure for table `0_prices`
--

DROP TABLE IF EXISTS `0_prices`;
CREATE TABLE IF NOT EXISTS `0_prices` (
  `id` int(11) NOT NULL AUTO_INCREMENT,
  `stock_id` varchar(20) COLLATE utf8_unicode_ci NOT NULL DEFAULT '',
  `sales_type_id` int(11) NOT NULL DEFAULT '0',
  `curr_abrev` char(3) COLLATE utf8_unicode_ci NOT NULL DEFAULT '',
  `price` double NOT NULL DEFAULT '0',
  PRIMARY KEY (`id`),
  UNIQUE KEY `price` (`stock_id`,`sales_type_id`,`curr_abrev`)
) ENGINE=InnoDB DEFAULT CHARSET=utf8 COLLATE=utf8_unicode_ci;

-- --------------------------------------------------------

--
-- Table structure for table `0_printers`
--

DROP TABLE IF EXISTS `0_printers`;
CREATE TABLE IF NOT EXISTS `0_printers` (
  `id` tinyint(3) UNSIGNED NOT NULL AUTO_INCREMENT,
  `name` varchar(20) COLLATE utf8_unicode_ci NOT NULL,
  `description` varchar(60) COLLATE utf8_unicode_ci NOT NULL,
  `queue` varchar(20) COLLATE utf8_unicode_ci NOT NULL,
  `host` varchar(40) COLLATE utf8_unicode_ci NOT NULL,
  `port` smallint(11) UNSIGNED NOT NULL,
  `timeout` tinyint(3) UNSIGNED NOT NULL,
  PRIMARY KEY (`id`),
  UNIQUE KEY `name` (`name`)
) ENGINE=InnoDB AUTO_INCREMENT=4 DEFAULT CHARSET=utf8 COLLATE=utf8_unicode_ci;

--
-- Dumping data for table `0_printers`
--

INSERT INTO `0_printers` (`id`, `name`, `description`, `queue`, `host`, `port`, `timeout`) VALUES
(1, 'QL500', 'Label printer', 'QL500', 'server', 127, 20),
(2, 'Samsung', 'Main network printer', 'scx4521F', 'server', 515, 5),
(3, 'Local', 'Local print server at user IP', 'lp', '', 515, 10);

-- --------------------------------------------------------

--
-- Table structure for table `0_print_profiles`
--

DROP TABLE IF EXISTS `0_print_profiles`;
CREATE TABLE IF NOT EXISTS `0_print_profiles` (
  `id` smallint(6) UNSIGNED NOT NULL AUTO_INCREMENT,
  `profile` varchar(30) COLLATE utf8_unicode_ci NOT NULL,
  `report` varchar(5) COLLATE utf8_unicode_ci DEFAULT NULL,
  `printer` tinyint(3) UNSIGNED DEFAULT NULL,
  PRIMARY KEY (`id`),
  UNIQUE KEY `profile` (`profile`,`report`)
) ENGINE=InnoDB DEFAULT CHARSET=utf8 COLLATE=utf8_unicode_ci;

-- --------------------------------------------------------

--
-- Table structure for table `0_purch_data`
--

DROP TABLE IF EXISTS `0_purch_data`;
CREATE TABLE IF NOT EXISTS `0_purch_data` (
  `supplier_id` int(11) NOT NULL DEFAULT '0',
  `stock_id` char(20) COLLATE utf8_unicode_ci NOT NULL DEFAULT '',
  `price` double NOT NULL DEFAULT '0',
  `suppliers_uom` char(50) COLLATE utf8_unicode_ci NOT NULL DEFAULT '',
  `conversion_factor` double NOT NULL DEFAULT '1',
  `supplier_description` char(50) COLLATE utf8_unicode_ci NOT NULL DEFAULT '',
  PRIMARY KEY (`supplier_id`,`stock_id`)
) ENGINE=InnoDB DEFAULT CHARSET=utf8 COLLATE=utf8_unicode_ci;

-- --------------------------------------------------------

--
-- Table structure for table `0_purch_orders`
--

DROP TABLE IF EXISTS `0_purch_orders`;
CREATE TABLE IF NOT EXISTS `0_purch_orders` (
  `order_no` int(11) NOT NULL AUTO_INCREMENT,
  `supplier_id` int(11) NOT NULL DEFAULT '0',
  `comments` tinytext COLLATE utf8_unicode_ci,
  `ord_date` date NOT NULL DEFAULT '0000-00-00',
  `reference` tinytext COLLATE utf8_unicode_ci NOT NULL,
  `requisition_no` tinytext COLLATE utf8_unicode_ci,
  `into_stock_location` varchar(5) COLLATE utf8_unicode_ci NOT NULL DEFAULT '',
  `delivery_address` tinytext COLLATE utf8_unicode_ci NOT NULL,
  `total` double NOT NULL DEFAULT '0',
  `prep_amount` double NOT NULL DEFAULT '0',
  `alloc` double NOT NULL DEFAULT '0',
  `tax_included` tinyint(1) NOT NULL DEFAULT '0',
  PRIMARY KEY (`order_no`),
  KEY `ord_date` (`ord_date`)
) ENGINE=InnoDB DEFAULT CHARSET=utf8 COLLATE=utf8_unicode_ci;

-- --------------------------------------------------------

--
-- Table structure for table `0_purch_order_details`
--

DROP TABLE IF EXISTS `0_purch_order_details`;
CREATE TABLE IF NOT EXISTS `0_purch_order_details` (
  `po_detail_item` int(11) NOT NULL AUTO_INCREMENT,
  `order_no` int(11) NOT NULL DEFAULT '0',
  `item_code` varchar(20) COLLATE utf8_unicode_ci NOT NULL DEFAULT '',
  `description` tinytext COLLATE utf8_unicode_ci,
  `delivery_date` date NOT NULL DEFAULT '0000-00-00',
  `qty_invoiced` double NOT NULL DEFAULT '0',
  `unit_price` double NOT NULL DEFAULT '0',
  `act_price` double NOT NULL DEFAULT '0',
  `std_cost_unit` double NOT NULL DEFAULT '0',
  `quantity_ordered` double NOT NULL DEFAULT '0',
  `quantity_received` double NOT NULL DEFAULT '0',
  PRIMARY KEY (`po_detail_item`),
  KEY `order` (`order_no`,`po_detail_item`),
  KEY `itemcode` (`item_code`)
) ENGINE=InnoDB DEFAULT CHARSET=utf8 COLLATE=utf8_unicode_ci;

-- --------------------------------------------------------

--
-- Table structure for table `0_quick_entries`
--

DROP TABLE IF EXISTS `0_quick_entries`;
CREATE TABLE IF NOT EXISTS `0_quick_entries` (
  `id` smallint(6) UNSIGNED NOT NULL AUTO_INCREMENT,
  `type` tinyint(1) NOT NULL DEFAULT '0',
  `description` varchar(60) COLLATE utf8_unicode_ci NOT NULL,
  `usage` varchar(120) COLLATE utf8_unicode_ci DEFAULT NULL,
  `base_amount` double NOT NULL DEFAULT '0',
  `base_desc` varchar(60) COLLATE utf8_unicode_ci DEFAULT NULL,
  `bal_type` tinyint(1) NOT NULL DEFAULT '0',
  PRIMARY KEY (`id`),
  KEY `description` (`description`)
) ENGINE=InnoDB DEFAULT CHARSET=utf8 COLLATE=utf8_unicode_ci;

-- --------------------------------------------------------

--
-- Table structure for table `0_quick_entry_lines`
--

DROP TABLE IF EXISTS `0_quick_entry_lines`;
CREATE TABLE IF NOT EXISTS `0_quick_entry_lines` (
  `id` smallint(6) UNSIGNED NOT NULL AUTO_INCREMENT,
  `qid` smallint(6) UNSIGNED NOT NULL,
  `amount` double DEFAULT '0',
  `memo` tinytext COLLATE utf8_unicode_ci NOT NULL,
  `action` varchar(2) COLLATE utf8_unicode_ci NOT NULL,
  `dest_id` varchar(15) COLLATE utf8_unicode_ci NOT NULL DEFAULT '',
  `dimension_id` smallint(6) UNSIGNED DEFAULT NULL,
  `dimension2_id` smallint(6) UNSIGNED DEFAULT NULL,
  PRIMARY KEY (`id`),
  KEY `qid` (`qid`)
) ENGINE=InnoDB DEFAULT CHARSET=utf8 COLLATE=utf8_unicode_ci;

-- --------------------------------------------------------

--
-- Table structure for table `0_recurrent_invoices`
--

DROP TABLE IF EXISTS `0_recurrent_invoices`;
CREATE TABLE IF NOT EXISTS `0_recurrent_invoices` (
  `id` smallint(6) UNSIGNED NOT NULL AUTO_INCREMENT,
  `description` varchar(60) COLLATE utf8_unicode_ci NOT NULL DEFAULT '',
  `order_no` int(11) UNSIGNED NOT NULL,
  `debtor_no` int(11) UNSIGNED DEFAULT NULL,
  `group_no` smallint(6) UNSIGNED DEFAULT NULL,
  `days` int(11) NOT NULL DEFAULT '0',
  `monthly` int(11) NOT NULL DEFAULT '0',
  `begin` date NOT NULL DEFAULT '0000-00-00',
  `end` date NOT NULL DEFAULT '0000-00-00',
  `last_sent` date NOT NULL DEFAULT '0000-00-00',
  PRIMARY KEY (`id`),
  UNIQUE KEY `description` (`description`)
) ENGINE=InnoDB DEFAULT CHARSET=utf8 COLLATE=utf8_unicode_ci;

-- --------------------------------------------------------

--
-- Table structure for table `0_reflines`
--

DROP TABLE IF EXISTS `0_reflines`;
CREATE TABLE IF NOT EXISTS `0_reflines` (
  `id` int(11) NOT NULL AUTO_INCREMENT,
  `trans_type` int(11) NOT NULL,
  `prefix` char(5) COLLATE utf8_unicode_ci NOT NULL DEFAULT '',
  `pattern` varchar(35) COLLATE utf8_unicode_ci NOT NULL DEFAULT '1',
  `description` varchar(60) COLLATE utf8_unicode_ci NOT NULL DEFAULT '',
  `default` tinyint(1) NOT NULL DEFAULT '0',
  `inactive` tinyint(1) NOT NULL DEFAULT '0',
  PRIMARY KEY (`id`),
  UNIQUE KEY `prefix` (`trans_type`,`prefix`)
) ENGINE=InnoDB AUTO_INCREMENT=23 DEFAULT CHARSET=utf8 COLLATE=utf8_unicode_ci;

--
-- Dumping data for table `0_reflines`
--

INSERT INTO `0_reflines` (`id`, `trans_type`, `prefix`, `pattern`, `description`, `default`, `inactive`) VALUES
(1, 0, '', '1', '', 1, 0),
(2, 1, '', '1', '', 1, 0),
(3, 2, '', '1', '', 1, 0),
(4, 4, '', '1', '', 1, 0),
(5, 10, '', '1', '', 1, 0),
(6, 11, '', '1', '', 1, 0),
(7, 12, '', '1', '', 1, 0),
(8, 13, '', '1', '', 1, 0),
(9, 16, '', '1', '', 1, 0),
(10, 17, '', '1', '', 1, 0),
(11, 18, '', '1', '', 1, 0),
(12, 20, '', '1', '', 1, 0),
(13, 21, '', '1', '', 1, 0),
(14, 22, '', '1', '', 1, 0),
(15, 25, '', '1', '', 1, 0),
(16, 26, '', '1', '', 1, 0),
(17, 28, '', '1', '', 1, 0),
(18, 29, '', '1', '', 1, 0),
(19, 30, '', '1', '', 1, 0),
(20, 32, '', '1', '', 1, 0),
(21, 35, '', '1', '', 1, 0),
(22, 40, '', '1', '', 1, 0);

-- --------------------------------------------------------

--
-- Table structure for table `0_refs`
--

DROP TABLE IF EXISTS `0_refs`;
CREATE TABLE IF NOT EXISTS `0_refs` (
  `id` int(11) NOT NULL DEFAULT '0',
  `type` int(11) NOT NULL DEFAULT '0',
  `reference` varchar(100) COLLATE utf8_unicode_ci NOT NULL DEFAULT '',
  PRIMARY KEY (`id`,`type`),
  KEY `Type_and_Reference` (`type`,`reference`)
) ENGINE=InnoDB DEFAULT CHARSET=utf8 COLLATE=utf8_unicode_ci;

-- --------------------------------------------------------

--
-- Table structure for table `0_salesman`
--

DROP TABLE IF EXISTS `0_salesman`;
CREATE TABLE IF NOT EXISTS `0_salesman` (
  `salesman_code` int(11) NOT NULL AUTO_INCREMENT,
  `salesman_name` char(60) COLLATE utf8_unicode_ci NOT NULL DEFAULT '',
  `salesman_phone` char(30) COLLATE utf8_unicode_ci NOT NULL DEFAULT '',
  `salesman_fax` char(30) COLLATE utf8_unicode_ci NOT NULL DEFAULT '',
  `salesman_email` varchar(100) COLLATE utf8_unicode_ci NOT NULL DEFAULT '',
  `provision` double NOT NULL DEFAULT '0',
  `break_pt` double NOT NULL DEFAULT '0',
  `provision2` double NOT NULL DEFAULT '0',
  `inactive` tinyint(1) NOT NULL DEFAULT '0',
  PRIMARY KEY (`salesman_code`),
  UNIQUE KEY `salesman_name` (`salesman_name`)
) ENGINE=InnoDB AUTO_INCREMENT=2 DEFAULT CHARSET=utf8 COLLATE=utf8_unicode_ci;

--
-- Dumping data for table `0_salesman`
--

INSERT INTO `0_salesman` (`salesman_code`, `salesman_name`, `salesman_phone`, `salesman_fax`, `salesman_email`, `provision`, `break_pt`, `provision2`, `inactive`) VALUES
(1, 'Sales Person', '', '', '', 5, 20000, 4, 0);

-- --------------------------------------------------------

--
-- Table structure for table `0_sales_orders`
--

DROP TABLE IF EXISTS `0_sales_orders`;
CREATE TABLE IF NOT EXISTS `0_sales_orders` (
  `order_no` int(11) NOT NULL,
  `trans_type` smallint(6) NOT NULL DEFAULT '30',
  `version` tinyint(1) UNSIGNED NOT NULL DEFAULT '0',
  `type` tinyint(1) NOT NULL DEFAULT '0',
  `debtor_no` int(11) NOT NULL DEFAULT '0',
  `branch_code` int(11) NOT NULL DEFAULT '0',
  `reference` varchar(100) COLLATE utf8_unicode_ci NOT NULL DEFAULT '',
  `customer_ref` tinytext COLLATE utf8_unicode_ci NOT NULL,
  `comments` tinytext COLLATE utf8_unicode_ci,
  `ord_date` date NOT NULL DEFAULT '0000-00-00',
  `order_type` int(11) NOT NULL DEFAULT '0',
  `ship_via` int(11) NOT NULL DEFAULT '0',
  `delivery_address` tinytext COLLATE utf8_unicode_ci NOT NULL,
  `contact_phone` varchar(30) COLLATE utf8_unicode_ci DEFAULT NULL,
  `contact_email` varchar(100) COLLATE utf8_unicode_ci DEFAULT NULL,
  `deliver_to` tinytext COLLATE utf8_unicode_ci NOT NULL,
  `freight_cost` double NOT NULL DEFAULT '0',
  `from_stk_loc` varchar(5) COLLATE utf8_unicode_ci NOT NULL DEFAULT '',
  `delivery_date` date NOT NULL DEFAULT '0000-00-00',
  `payment_terms` int(11) DEFAULT NULL,
  `total` double NOT NULL DEFAULT '0',
  `prep_amount` double NOT NULL DEFAULT '0',
  `alloc` double NOT NULL DEFAULT '0',
  PRIMARY KEY (`trans_type`,`order_no`)
) ENGINE=InnoDB DEFAULT CHARSET=utf8 COLLATE=utf8_unicode_ci;

-- --------------------------------------------------------

--
-- Table structure for table `0_sales_order_details`
--

DROP TABLE IF EXISTS `0_sales_order_details`;
CREATE TABLE IF NOT EXISTS `0_sales_order_details` (
  `id` int(11) NOT NULL AUTO_INCREMENT,
  `order_no` int(11) NOT NULL DEFAULT '0',
  `trans_type` smallint(6) NOT NULL DEFAULT '30',
  `stk_code` varchar(20) COLLATE utf8_unicode_ci NOT NULL DEFAULT '',
  `description` tinytext COLLATE utf8_unicode_ci,
  `qty_sent` double NOT NULL DEFAULT '0',
  `unit_price` double NOT NULL DEFAULT '0',
  `quantity` double NOT NULL DEFAULT '0',
  `invoiced` double NOT NULL DEFAULT '0',
  `discount_percent` double NOT NULL DEFAULT '0',
  PRIMARY KEY (`id`),
  KEY `sorder` (`trans_type`,`order_no`),
  KEY `stkcode` (`stk_code`)
) ENGINE=InnoDB DEFAULT CHARSET=utf8 COLLATE=utf8_unicode_ci;

-- --------------------------------------------------------

--
-- Table structure for table `0_sales_pos`
--

DROP TABLE IF EXISTS `0_sales_pos`;
CREATE TABLE IF NOT EXISTS `0_sales_pos` (
  `id` smallint(6) UNSIGNED NOT NULL AUTO_INCREMENT,
  `pos_name` varchar(30) COLLATE utf8_unicode_ci NOT NULL,
  `cash_sale` tinyint(1) NOT NULL,
  `credit_sale` tinyint(1) NOT NULL,
  `pos_location` varchar(5) COLLATE utf8_unicode_ci NOT NULL,
  `pos_account` smallint(6) UNSIGNED NOT NULL,
  `inactive` tinyint(1) NOT NULL DEFAULT '0',
  PRIMARY KEY (`id`),
  UNIQUE KEY `pos_name` (`pos_name`)
) ENGINE=InnoDB AUTO_INCREMENT=2 DEFAULT CHARSET=utf8 COLLATE=utf8_unicode_ci;

--
-- Dumping data for table `0_sales_pos`
--

INSERT INTO `0_sales_pos` (`id`, `pos_name`, `cash_sale`, `credit_sale`, `pos_location`, `pos_account`, `inactive`) VALUES
(1, 'Default', 1, 1, 'DEF', 2, 0);

-- --------------------------------------------------------

--
-- Table structure for table `0_sales_types`
--

DROP TABLE IF EXISTS `0_sales_types`;
CREATE TABLE IF NOT EXISTS `0_sales_types` (
  `id` int(11) NOT NULL AUTO_INCREMENT,
  `sales_type` char(50) COLLATE utf8_unicode_ci NOT NULL DEFAULT '',
  `tax_included` int(1) NOT NULL DEFAULT '0',
  `factor` double NOT NULL DEFAULT '1',
  `inactive` tinyint(1) NOT NULL DEFAULT '0',
  PRIMARY KEY (`id`),
  UNIQUE KEY `sales_type` (`sales_type`)
) ENGINE=InnoDB AUTO_INCREMENT=3 DEFAULT CHARSET=utf8 COLLATE=utf8_unicode_ci;

--
-- Dumping data for table `0_sales_types`
--

INSERT INTO `0_sales_types` (`id`, `sales_type`, `tax_included`, `factor`, `inactive`) VALUES
(1, 'Retail', 1, 1, 0),
(2, 'Wholesale', 0, 0.7, 0);

-- --------------------------------------------------------

--
-- Table structure for table `0_security_roles`
--

DROP TABLE IF EXISTS `0_security_roles`;
CREATE TABLE IF NOT EXISTS `0_security_roles` (
  `id` int(11) NOT NULL AUTO_INCREMENT,
  `role` varchar(30) COLLATE utf8_unicode_ci NOT NULL,
  `description` varchar(50) COLLATE utf8_unicode_ci DEFAULT NULL,
  `sections` text COLLATE utf8_unicode_ci,
  `areas` text COLLATE utf8_unicode_ci,
  `inactive` tinyint(1) NOT NULL DEFAULT '0',
  PRIMARY KEY (`id`),
  UNIQUE KEY `role` (`role`)
) ENGINE=InnoDB AUTO_INCREMENT=11 DEFAULT CHARSET=utf8 COLLATE=utf8_unicode_ci;

--
-- Dumping data for table `0_security_roles`
--

INSERT INTO `0_security_roles` (`id`, `role`, `description`, `sections`, `areas`, `inactive`) VALUES
(1, 'Inquiries', 'Inquiries', '768;2816;3072;3328;5632;5888;8192;8448;10752;11008;13312;15872;16128', '257;258;259;260;513;514;515;516;517;518;519;520;521;522;523;524;525;773;774;2822;3073;3075;3076;3077;3329;3330;3331;3332;3333;3334;3335;5377;5633;5640;5889;5890;5891;7937;7938;7939;7940;8193;8194;8450;8451;10497;10753;11009;11010;11012;13313;13315;15617;15618;15619;15620;15621;15622;15623;15624;15625;15626;15873;15882;16129;16130;16131;16132;775', 0),
(2, 'System Administrator', 'System Administrator', '256;512;768;2816;3072;3328;5376;5632;5888;7936;8192;8448;10496;10752;11008;13056;13312;15616;15872;16128', '257;258;259;260;513;514;515;516;517;518;519;520;521;522;523;524;525;769;770;771;772;773;774;2817;2818;2819;2820;2821;2822;2823;3073;3074;3082;3075;3076;3077;3078;3079;3080;3081;3329;3330;3331;3332;3333;3334;3335;5377;5633;5634;5635;5636;5637;5641;5638;5639;5640;5889;5890;5891;7937;7938;7939;7940;8193;8194;8195;8196;8197;8449;8450;8451;10497;10753;10754;10755;10756;10757;11009;11010;11012;13057;13313;13314;13315;15617;15618;15619;15620;15621;15622;15623;15624;15625;15626;15627;15873;15874;15875;15876;15877;15878;15879;15880;15883;15881;15882;16129;16130;16131;16132;775', 0),
(3, 'Salesman', 'Salesman', '768;3072;5632;8192;15872', '773;774;3073;3075;3081;5633;8194;15873;775', 0),
(4, 'Stock Manager', 'Stock Manager', '2816;3072;3328;5632;5888;8192;8448;10752;11008;13312;15872;16128;768', '775', 0),
(5, 'Production Manager', 'Production Manager', '512;2816;3072;3328;5632;5888;8192;8448;10752;11008;13312;15616;15872;16128;768', '775', 0),
(6, 'Purchase Officer', 'Purchase Officer', '512;2816;3072;3328;5376;5632;5888;8192;8448;10752;11008;13312;15616;15872;16128;768', '775', 0),
(7, 'AR Officer', 'AR Officer', '512;768;2816;3072;3328;5632;5888;8192;8448;10752;11008;13312;15616;15872;16128', '521;523;524;771;773;774;2818;2819;2820;2821;2822;2823;3073;3073;3074;3075;3076;3077;3078;3079;3080;3081;3081;3329;3330;3330;3330;3331;3331;3332;3333;3334;3335;5633;5633;5634;5637;5638;5639;5640;5640;5889;5890;5891;8193;8194;8194;8196;8197;8450;8451;10753;10755;11009;11010;11012;13313;13315;15617;15619;15620;15621;15624;15624;15873;15876;15877;15878;15880;15882;16129;16130;16131;16132;775', 0),
(8, 'AP Officer', 'AP Officer', '512;2816;3072;3328;5376;5632;5888;8192;8448;10752;11008;13312;15616;15872;16128;768', '775', 0),
(9, 'Accountant', 'New Accountant', '512;768;2816;3072;3328;5376;5632;5888;8192;8448;10752;11008;13312;15616;15872;16128', '257;258;259;260;521;523;524;771;772;773;774;2818;2819;2820;2821;2822;2823;3073;3074;3075;3076;3077;3078;3079;3080;3081;3329;3330;3331;3332;3333;3334;3335;5377;5633;5634;5635;5637;5638;5639;5640;5889;5890;5891;7937;7938;7939;7940;8193;8194;8196;8197;8449;8450;8451;10497;10753;10755;11009;11010;11012;13313;13315;15617;15618;15619;15620;15621;15624;15873;15876;15877;15878;15880;15882;16129;16130;16131;16132;775', 0),
(10, 'Sub Admin', 'Sub Admin', '512;768;2816;3072;3328;5376;5632;5888;8192;8448;10752;11008;13312;15616;15872;16128', '257;258;259;260;521;523;524;771;772;773;774;2818;2819;2820;2821;2822;2823;3073;3074;3082;3075;3076;3077;3078;3079;3080;3081;3329;3330;3331;3332;3333;3334;3335;5377;5633;5634;5635;5637;5638;5639;5640;5889;5890;5891;7937;7938;7939;7940;8193;8194;8196;8197;8449;8450;8451;10497;10753;10755;11009;11010;11012;13057;13313;13315;15617;15619;15620;15621;15624;15873;15874;15876;15877;15878;15879;15880;15882;16129;16130;16131;16132;775', 0);

-- --------------------------------------------------------

--
-- Table structure for table `0_shippers`
--

DROP TABLE IF EXISTS `0_shippers`;
CREATE TABLE IF NOT EXISTS `0_shippers` (
  `shipper_id` int(11) NOT NULL AUTO_INCREMENT,
  `shipper_name` varchar(60) COLLATE utf8_unicode_ci NOT NULL DEFAULT '',
  `phone` varchar(30) COLLATE utf8_unicode_ci NOT NULL DEFAULT '',
  `phone2` varchar(30) COLLATE utf8_unicode_ci NOT NULL DEFAULT '',
  `contact` tinytext COLLATE utf8_unicode_ci NOT NULL,
  `address` tinytext COLLATE utf8_unicode_ci NOT NULL,
  `inactive` tinyint(1) NOT NULL DEFAULT '0',
  PRIMARY KEY (`shipper_id`),
  UNIQUE KEY `name` (`shipper_name`)
) ENGINE=InnoDB AUTO_INCREMENT=2 DEFAULT CHARSET=utf8 COLLATE=utf8_unicode_ci;

--
-- Dumping data for table `0_shippers`
--

INSERT INTO `0_shippers` (`shipper_id`, `shipper_name`, `phone`, `phone2`, `contact`, `address`, `inactive`) VALUES
(1, 'Default', '', '', '', '', 0);

-- --------------------------------------------------------

--
-- Table structure for table `0_sql_trail`
--

DROP TABLE IF EXISTS `0_sql_trail`;
CREATE TABLE IF NOT EXISTS `0_sql_trail` (
  `id` int(11) UNSIGNED NOT NULL AUTO_INCREMENT,
  `sql` text COLLATE utf8_unicode_ci NOT NULL,
  `result` tinyint(1) NOT NULL,
  `msg` varchar(255) COLLATE utf8_unicode_ci NOT NULL,
  PRIMARY KEY (`id`)
) ENGINE=InnoDB DEFAULT CHARSET=utf8 COLLATE=utf8_unicode_ci;

-- --------------------------------------------------------

--
-- Table structure for table `0_stock_category`
--

DROP TABLE IF EXISTS `0_stock_category`;
CREATE TABLE IF NOT EXISTS `0_stock_category` (
  `category_id` int(11) NOT NULL AUTO_INCREMENT,
  `description` varchar(60) COLLATE utf8_unicode_ci NOT NULL DEFAULT '',
  `dflt_tax_type` int(11) NOT NULL DEFAULT '1',
  `dflt_units` varchar(20) COLLATE utf8_unicode_ci NOT NULL DEFAULT 'each',
  `dflt_mb_flag` char(1) COLLATE utf8_unicode_ci NOT NULL DEFAULT 'B',
  `dflt_sales_act` varchar(15) COLLATE utf8_unicode_ci NOT NULL DEFAULT '',
  `dflt_cogs_act` varchar(15) COLLATE utf8_unicode_ci NOT NULL DEFAULT '',
  `dflt_inventory_act` varchar(15) COLLATE utf8_unicode_ci NOT NULL DEFAULT '',
  `dflt_adjustment_act` varchar(15) COLLATE utf8_unicode_ci NOT NULL DEFAULT '',
  `dflt_wip_act` varchar(15) COLLATE utf8_unicode_ci NOT NULL DEFAULT '',
  `dflt_dim1` int(11) DEFAULT NULL,
  `dflt_dim2` int(11) DEFAULT NULL,
  `inactive` tinyint(1) NOT NULL DEFAULT '0',
  `dflt_no_sale` tinyint(1) NOT NULL DEFAULT '0',
  `dflt_no_purchase` tinyint(1) NOT NULL DEFAULT '0',
  PRIMARY KEY (`category_id`),
  UNIQUE KEY `description` (`description`)
) ENGINE=InnoDB AUTO_INCREMENT=5 DEFAULT CHARSET=utf8 COLLATE=utf8_unicode_ci;

--
-- Dumping data for table `0_stock_category`
--

INSERT INTO `0_stock_category` (`category_id`, `description`, `dflt_tax_type`, `dflt_units`, `dflt_mb_flag`, `dflt_sales_act`, `dflt_cogs_act`, `dflt_inventory_act`, `dflt_adjustment_act`, `dflt_wip_act`, `dflt_dim1`, `dflt_dim2`, `inactive`, `dflt_no_sale`, `dflt_no_purchase`) VALUES
(1, 'Components', 1, 'each', 'B', '4010', '5010', '1510', '5040', '1530', 0, 0, 0, 0, 0),
(2, 'Charges', 1, 'each', 'D', '4010', '5010', '1510', '5040', '1530', 0, 0, 0, 0, 0),
(3, 'Systems', 1, 'each', 'M', '4010', '5010', '1510', '5040', '1530', 0, 0, 0, 0, 0),
(4, 'Services', 1, 'hrs', 'D', '4010', '5010', '1510', '5040', '1530', 0, 0, 0, 0, 0);

-- --------------------------------------------------------

--
-- Table structure for table `0_stock_fa_class`
--

DROP TABLE IF EXISTS `0_stock_fa_class`;
CREATE TABLE IF NOT EXISTS `0_stock_fa_class` (
  `fa_class_id` varchar(20) COLLATE utf8_unicode_ci NOT NULL DEFAULT '',
  `parent_id` varchar(20) COLLATE utf8_unicode_ci NOT NULL DEFAULT '',
  `description` varchar(200) COLLATE utf8_unicode_ci NOT NULL DEFAULT '',
  `long_description` tinytext COLLATE utf8_unicode_ci NOT NULL,
  `depreciation_rate` double NOT NULL DEFAULT '0',
  `inactive` tinyint(1) NOT NULL DEFAULT '0',
  PRIMARY KEY (`fa_class_id`)
) ENGINE=InnoDB DEFAULT CHARSET=utf8 COLLATE=utf8_unicode_ci;

-- --------------------------------------------------------

--
-- Table structure for table `0_stock_master`
--

DROP TABLE IF EXISTS `0_stock_master`;
CREATE TABLE IF NOT EXISTS `0_stock_master` (
  `stock_id` varchar(20) COLLATE utf8_unicode_ci NOT NULL DEFAULT '',
  `category_id` int(11) NOT NULL DEFAULT '0',
  `tax_type_id` int(11) NOT NULL DEFAULT '0',
  `description` varchar(200) COLLATE utf8_unicode_ci NOT NULL DEFAULT '',
  `long_description` tinytext COLLATE utf8_unicode_ci NOT NULL,
  `units` varchar(20) COLLATE utf8_unicode_ci NOT NULL DEFAULT 'each',
  `mb_flag` char(1) COLLATE utf8_unicode_ci NOT NULL DEFAULT 'B',
  `sales_account` varchar(15) COLLATE utf8_unicode_ci NOT NULL DEFAULT '',
  `cogs_account` varchar(15) COLLATE utf8_unicode_ci NOT NULL DEFAULT '',
  `inventory_account` varchar(15) COLLATE utf8_unicode_ci NOT NULL DEFAULT '',
  `adjustment_account` varchar(15) COLLATE utf8_unicode_ci NOT NULL DEFAULT '',
  `wip_account` varchar(15) COLLATE utf8_unicode_ci NOT NULL DEFAULT '',
  `dimension_id` int(11) DEFAULT NULL,
  `dimension2_id` int(11) DEFAULT NULL,
  `purchase_cost` double NOT NULL DEFAULT '0',
  `material_cost` double NOT NULL DEFAULT '0',
  `labour_cost` double NOT NULL DEFAULT '0',
  `overhead_cost` double NOT NULL DEFAULT '0',
  `inactive` tinyint(1) NOT NULL DEFAULT '0',
  `no_sale` tinyint(1) NOT NULL DEFAULT '0',
  `no_purchase` tinyint(1) NOT NULL DEFAULT '0',
  `editable` tinyint(1) NOT NULL DEFAULT '0',
  `depreciation_method` char(1) COLLATE utf8_unicode_ci NOT NULL DEFAULT 'S',
  `depreciation_rate` double NOT NULL DEFAULT '0',
  `depreciation_factor` double NOT NULL DEFAULT '0',
  `depreciation_start` date NOT NULL DEFAULT '0000-00-00',
  `depreciation_date` date NOT NULL DEFAULT '0000-00-00',
  `fa_class_id` varchar(20) COLLATE utf8_unicode_ci NOT NULL DEFAULT '',
  PRIMARY KEY (`stock_id`)
) ENGINE=InnoDB DEFAULT CHARSET=utf8 COLLATE=utf8_unicode_ci;

--
-- Dumping data for table `0_stock_master`
--

INSERT INTO `0_stock_master` (`stock_id`, `category_id`, `tax_type_id`, `description`, `long_description`, `units`, `mb_flag`, `sales_account`, `cogs_account`, `inventory_account`, `adjustment_account`, `wip_account`, `dimension_id`, `dimension2_id`, `purchase_cost`, `material_cost`, `labour_cost`, `overhead_cost`, `inactive`, `no_sale`, `no_purchase`, `editable`, `depreciation_method`, `depreciation_rate`, `depreciation_factor`, `depreciation_start`, `depreciation_date`, `fa_class_id`) VALUES
('123456', 1, 1, 'item', '', 'box', 'B', '4010', '5010', '1510', '5040', '1530', 0, 0, 0, 0, 0, 0, 0, 0, 0, 1, '', 0, 0, '0000-00-00', '0000-00-00', '');

-- --------------------------------------------------------

--
-- Table structure for table `0_stock_moves`
--

DROP TABLE IF EXISTS `0_stock_moves`;
CREATE TABLE IF NOT EXISTS `0_stock_moves` (
  `trans_id` int(11) NOT NULL AUTO_INCREMENT,
  `trans_no` int(11) NOT NULL DEFAULT '0',
  `stock_id` char(20) COLLATE utf8_unicode_ci NOT NULL DEFAULT '',
  `type` smallint(6) NOT NULL DEFAULT '0',
  `loc_code` char(5) COLLATE utf8_unicode_ci NOT NULL DEFAULT '',
  `tran_date` date NOT NULL DEFAULT '0000-00-00',
  `price` double NOT NULL DEFAULT '0',
  `reference` char(40) COLLATE utf8_unicode_ci NOT NULL DEFAULT '',
  `qty` double NOT NULL DEFAULT '1',
  `standard_cost` double NOT NULL DEFAULT '0',
  PRIMARY KEY (`trans_id`),
  KEY `type` (`type`,`trans_no`),
  KEY `Move` (`stock_id`,`loc_code`,`tran_date`)
) ENGINE=InnoDB DEFAULT CHARSET=utf8 COLLATE=utf8_unicode_ci;

-- --------------------------------------------------------

--
-- Table structure for table `0_suppliers`
--

DROP TABLE IF EXISTS `0_suppliers`;
CREATE TABLE IF NOT EXISTS `0_suppliers` (
  `supplier_id` int(11) NOT NULL AUTO_INCREMENT,
  `supp_name` varchar(60) COLLATE utf8_unicode_ci NOT NULL DEFAULT '',
  `supp_ref` varchar(30) COLLATE utf8_unicode_ci NOT NULL DEFAULT '',
  `address` tinytext COLLATE utf8_unicode_ci NOT NULL,
  `supp_address` tinytext COLLATE utf8_unicode_ci NOT NULL,
  `gst_no` varchar(25) COLLATE utf8_unicode_ci NOT NULL DEFAULT '',
  `contact` varchar(60) COLLATE utf8_unicode_ci NOT NULL DEFAULT '',
  `supp_account_no` varchar(40) COLLATE utf8_unicode_ci NOT NULL DEFAULT '',
  `website` varchar(100) COLLATE utf8_unicode_ci NOT NULL DEFAULT '',
  `bank_account` varchar(60) COLLATE utf8_unicode_ci NOT NULL DEFAULT '',
  `curr_code` char(3) COLLATE utf8_unicode_ci DEFAULT NULL,
  `payment_terms` int(11) DEFAULT NULL,
  `tax_included` tinyint(1) NOT NULL DEFAULT '0',
  `dimension_id` int(11) DEFAULT '0',
  `dimension2_id` int(11) DEFAULT '0',
  `tax_group_id` int(11) DEFAULT NULL,
  `credit_limit` double NOT NULL DEFAULT '0',
  `purchase_account` varchar(15) COLLATE utf8_unicode_ci NOT NULL DEFAULT '',
  `payable_account` varchar(15) COLLATE utf8_unicode_ci NOT NULL DEFAULT '',
  `payment_discount_account` varchar(15) COLLATE utf8_unicode_ci NOT NULL DEFAULT '',
  `notes` tinytext COLLATE utf8_unicode_ci NOT NULL,
  `inactive` tinyint(1) NOT NULL DEFAULT '0',
  PRIMARY KEY (`supplier_id`),
  KEY `supp_ref` (`supp_ref`)
) ENGINE=InnoDB DEFAULT CHARSET=utf8 COLLATE=utf8_unicode_ci;

-- --------------------------------------------------------

--
-- Table structure for table `0_supp_allocations`
--

DROP TABLE IF EXISTS `0_supp_allocations`;
CREATE TABLE IF NOT EXISTS `0_supp_allocations` (
  `id` int(11) NOT NULL AUTO_INCREMENT,
  `person_id` int(11) DEFAULT NULL,
  `amt` double UNSIGNED DEFAULT NULL,
  `date_alloc` date NOT NULL DEFAULT '0000-00-00',
  `trans_no_from` int(11) DEFAULT NULL,
  `trans_type_from` int(11) DEFAULT NULL,
  `trans_no_to` int(11) DEFAULT NULL,
  `trans_type_to` int(11) DEFAULT NULL,
  PRIMARY KEY (`id`),
  UNIQUE KEY `person_id` (`person_id`,`trans_type_from`,`trans_no_from`,`trans_type_to`,`trans_no_to`),
  KEY `From` (`trans_type_from`,`trans_no_from`),
  KEY `To` (`trans_type_to`,`trans_no_to`)
) ENGINE=InnoDB DEFAULT CHARSET=utf8 COLLATE=utf8_unicode_ci;

-- --------------------------------------------------------

--
-- Table structure for table `0_supp_invoice_items`
--

DROP TABLE IF EXISTS `0_supp_invoice_items`;
CREATE TABLE IF NOT EXISTS `0_supp_invoice_items` (
  `id` int(11) NOT NULL AUTO_INCREMENT,
  `supp_trans_no` int(11) DEFAULT NULL,
  `supp_trans_type` int(11) DEFAULT NULL,
  `gl_code` varchar(15) COLLATE utf8_unicode_ci NOT NULL DEFAULT '',
  `grn_item_id` int(11) DEFAULT NULL,
  `po_detail_item_id` int(11) DEFAULT NULL,
  `stock_id` varchar(20) COLLATE utf8_unicode_ci NOT NULL DEFAULT '',
  `description` tinytext COLLATE utf8_unicode_ci,
  `quantity` double NOT NULL DEFAULT '0',
  `unit_price` double NOT NULL DEFAULT '0',
  `unit_tax` double NOT NULL DEFAULT '0',
  `memo_` tinytext COLLATE utf8_unicode_ci,
  `dimension_id` int(11) NOT NULL DEFAULT '0',
  `dimension2_id` int(11) NOT NULL DEFAULT '0',
  PRIMARY KEY (`id`),
  KEY `Transaction` (`supp_trans_type`,`supp_trans_no`,`stock_id`)
) ENGINE=InnoDB DEFAULT CHARSET=utf8 COLLATE=utf8_unicode_ci;

-- --------------------------------------------------------

--
-- Table structure for table `0_supp_trans`
--

DROP TABLE IF EXISTS `0_supp_trans`;
CREATE TABLE IF NOT EXISTS `0_supp_trans` (
  `trans_no` int(11) UNSIGNED NOT NULL DEFAULT '0',
  `type` smallint(6) UNSIGNED NOT NULL DEFAULT '0',
  `supplier_id` int(11) UNSIGNED NOT NULL DEFAULT '0',
  `reference` tinytext COLLATE utf8_unicode_ci NOT NULL,
  `supp_reference` varchar(60) COLLATE utf8_unicode_ci NOT NULL DEFAULT '',
  `tran_date` date NOT NULL DEFAULT '0000-00-00',
  `due_date` date NOT NULL DEFAULT '0000-00-00',
  `ov_amount` double NOT NULL DEFAULT '0',
  `ov_discount` double NOT NULL DEFAULT '0',
  `ov_gst` double NOT NULL DEFAULT '0',
  `rate` double NOT NULL DEFAULT '1',
  `alloc` double NOT NULL DEFAULT '0',
  `tax_included` tinyint(1) NOT NULL DEFAULT '0',
  PRIMARY KEY (`type`,`trans_no`,`supplier_id`),
  KEY `supplier_id` (`supplier_id`),
  KEY `tran_date` (`tran_date`)
) ENGINE=InnoDB DEFAULT CHARSET=utf8 COLLATE=utf8_unicode_ci;

-- --------------------------------------------------------

--
-- Table structure for table `0_sys_prefs`
--

DROP TABLE IF EXISTS `0_sys_prefs`;
CREATE TABLE IF NOT EXISTS `0_sys_prefs` (
  `name` varchar(35) COLLATE utf8_unicode_ci NOT NULL DEFAULT '',
  `category` varchar(30) COLLATE utf8_unicode_ci DEFAULT NULL,
  `type` varchar(20) COLLATE utf8_unicode_ci NOT NULL DEFAULT '',
  `length` smallint(6) DEFAULT NULL,
  `value` text COLLATE utf8_unicode_ci NOT NULL,
  PRIMARY KEY (`name`),
  KEY `category` (`category`)
) ENGINE=InnoDB DEFAULT CHARSET=utf8 COLLATE=utf8_unicode_ci;

--
-- Dumping data for table `0_sys_prefs`
--

INSERT INTO `0_sys_prefs` (`name`, `category`, `type`, `length`, `value`) VALUES
('accounts_alpha', 'glsetup.general', 'tinyint', 1, '0'),
('accumulate_shipping', 'glsetup.customer', 'tinyint', 1, '0'),
('add_pct', 'setup.company', 'int', 5, '-1'),
('allow_negative_prices', 'glsetup.inventory', 'tinyint', 1, '1'),
('allow_negative_stock', 'glsetup.inventory', 'tinyint', 1, '0'),
('alternative_tax_include_on_docs', 'setup.company', 'tinyint', 1, '0'),
('auto_curr_reval', 'setup.company', 'smallint', 6, '1'),
('bank_charge_act', 'glsetup.general', 'varchar', 15, '5690'),
('base_sales', 'setup.company', 'int', 11, '1'),
('bcc_email', 'setup.company', 'varchar', 100, ''),
('coy_logo', 'setup.company', 'varchar', 100, 'logo_frontaccounting.jpg'),
('coy_name', 'setup.company', 'varchar', 60, 'Company sample'),
('coy_no', 'setup.company', 'varchar', 25, '123456789'),
('creditors_act', 'glsetup.purchase', 'varchar', 15, '2100'),
('curr_default', 'setup.company', 'char', 3, 'INR'),
('debtors_act', 'glsetup.sales', 'varchar', 15, '1200'),
('default_adj_act', 'glsetup.items', 'varchar', 15, '5040'),
('default_cogs_act', 'glsetup.items', 'varchar', 15, '5010'),
('default_credit_limit', 'glsetup.customer', 'int', 11, '1000'),
('default_delivery_required', 'glsetup.sales', 'smallint', 6, '1'),
('default_dim_required', 'glsetup.dims', 'int', 11, '20'),
('default_inv_sales_act', 'glsetup.items', 'varchar', 15, '4010'),
('default_inventory_act', 'glsetup.items', 'varchar', 15, '1510'),
('default_loss_on_asset_disposal_act', 'glsetup.items', 'varchar', 15, '5660'),
('default_prompt_payment_act', 'glsetup.sales', 'varchar', 15, '4500'),
('default_quote_valid_days', 'glsetup.sales', 'smallint', 6, '30'),
('default_receival_required', 'glsetup.purchase', 'smallint', 6, '10'),
('default_sales_act', 'glsetup.sales', 'varchar', 15, '4010'),
('default_sales_discount_act', 'glsetup.sales', 'varchar', 15, '4510'),
('default_wip_act', 'glsetup.items', 'varchar', 15, '1530'),
('default_workorder_required', 'glsetup.manuf', 'int', 11, '20'),
('deferred_income_act', 'glsetup.sales', 'varchar', 15, ''),
('depreciation_period', 'glsetup.company', 'tinyint', 1, '1'),
('domicile', 'setup.company', 'varchar', 55, ''),
('email', 'setup.company', 'varchar', 100, 'accounts@domain.com'),
('exchange_diff_act', 'glsetup.general', 'varchar', 15, '4450'),
('f_year', 'setup.company', 'int', 11, '1'),
('fax', 'setup.company', 'varchar', 30, '+91 (44) 2222-2221'),
('freight_act', 'glsetup.customer', 'varchar', 15, '4430'),
('gl_closing_date', 'setup.closing_date', 'date', 8, ''),
('grn_clearing_act', 'glsetup.purchase', 'varchar', 15, '0'),
('gst_no', 'setup.company', 'varchar', 25, '9876543'),
('legal_text', 'glsetup.customer', 'tinytext', 0, ''),
('loc_notification', 'glsetup.inventory', 'tinyint', 1, '0'),
('login_tout', 'setup.company', 'smallint', 6, '600'),
('no_customer_list', 'setup.company', 'tinyint', 1, '0'),
('no_item_list', 'setup.company', 'tinyint', 1, '0'),
('no_supplier_list', 'setup.company', 'tinyint', 1, '0'),
('no_zero_lines_amount', 'glsetup.sales', 'tinyint', 1, '1'),
('past_due_days', 'glsetup.general', 'int', 11, '30'),
('phone', 'setup.company', 'varchar', 30, '+91 (44) 2222-2222'),
('po_over_charge', 'glsetup.purchase', 'int', 11, '10'),
('po_over_receive', 'glsetup.purchase', 'int', 11, '10'),
('postal_address', 'setup.company', 'tinytext', 0, 'Address 1\r\nAddress 2\r\nAddress 3'),
('print_invoice_no', 'glsetup.sales', 'tinyint', 1, '0'),
('print_item_images_on_quote', 'glsetup.inventory', 'tinyint', 1, '0'),
('profit_loss_year_act', 'glsetup.general', 'varchar', 15, '9990'),
('pyt_discount_act', 'glsetup.purchase', 'varchar', 15, '5060'),
('retained_earnings_act', 'glsetup.general', 'varchar', 15, '3590'),
('round_to', 'setup.company', 'int', 5, '1'),
('show_po_item_codes', 'glsetup.purchase', 'tinyint', 1, '0'),
('suppress_tax_rates', 'setup.company', 'tinyint', 1, '0'),
('tax_algorithm', 'glsetup.customer', 'tinyint', 1, '1'),
('tax_last', 'setup.company', 'int', 11, '1'),
('tax_prd', 'setup.company', 'int', 11, '1'),
('time_zone', 'setup.company', 'tinyint', 1, '1'),
('use_dimension', 'setup.company', 'tinyint', 1, '1'),
('use_fixed_assets', 'setup.company', 'tinyint', 1, '1'),
('use_manufacturing', 'setup.company', 'tinyint', 1, '1'),
('version_id', 'system', 'varchar', 11, '2.4.1');

-- --------------------------------------------------------

--
-- Table structure for table `0_tags`
--

DROP TABLE IF EXISTS `0_tags`;
CREATE TABLE IF NOT EXISTS `0_tags` (
  `id` int(11) NOT NULL AUTO_INCREMENT,
  `type` smallint(6) NOT NULL,
  `name` varchar(30) COLLATE utf8_unicode_ci NOT NULL,
  `description` varchar(60) COLLATE utf8_unicode_ci DEFAULT NULL,
  `inactive` tinyint(1) NOT NULL DEFAULT '0',
  PRIMARY KEY (`id`),
  UNIQUE KEY `type` (`type`,`name`)
) ENGINE=InnoDB DEFAULT CHARSET=utf8 COLLATE=utf8_unicode_ci;

-- --------------------------------------------------------

--
-- Table structure for table `0_tag_associations`
--

DROP TABLE IF EXISTS `0_tag_associations`;
CREATE TABLE IF NOT EXISTS `0_tag_associations` (
  `record_id` varchar(15) COLLATE utf8_unicode_ci NOT NULL,
  `tag_id` int(11) NOT NULL,
  UNIQUE KEY `record_id` (`record_id`,`tag_id`)
) ENGINE=InnoDB DEFAULT CHARSET=utf8 COLLATE=utf8_unicode_ci;

-- --------------------------------------------------------

--
-- Table structure for table `0_tax_groups`
--

DROP TABLE IF EXISTS `0_tax_groups`;
CREATE TABLE IF NOT EXISTS `0_tax_groups` (
  `id` int(11) NOT NULL AUTO_INCREMENT,
  `name` varchar(60) COLLATE utf8_unicode_ci NOT NULL DEFAULT '',
  `inactive` tinyint(1) NOT NULL DEFAULT '0',
  PRIMARY KEY (`id`),
  UNIQUE KEY `name` (`name`)
) ENGINE=InnoDB AUTO_INCREMENT=3 DEFAULT CHARSET=utf8 COLLATE=utf8_unicode_ci;

--
-- Dumping data for table `0_tax_groups`
--

INSERT INTO `0_tax_groups` (`id`, `name`, `inactive`) VALUES
(1, 'Tax', 0),
(2, 'Tax Exempt', 0);

-- --------------------------------------------------------

--
-- Table structure for table `0_tax_group_items`
--

DROP TABLE IF EXISTS `0_tax_group_items`;
CREATE TABLE IF NOT EXISTS `0_tax_group_items` (
  `tax_group_id` int(11) NOT NULL DEFAULT '0',
  `tax_type_id` int(11) NOT NULL DEFAULT '0',
  `tax_shipping` tinyint(1) NOT NULL DEFAULT '0',
  PRIMARY KEY (`tax_group_id`,`tax_type_id`)
) ENGINE=InnoDB DEFAULT CHARSET=utf8 COLLATE=utf8_unicode_ci;

--
-- Dumping data for table `0_tax_group_items`
--

INSERT INTO `0_tax_group_items` (`tax_group_id`, `tax_type_id`, `tax_shipping`) VALUES
(1, 1, 0);

-- --------------------------------------------------------

--
-- Table structure for table `0_tax_types`
--

DROP TABLE IF EXISTS `0_tax_types`;
CREATE TABLE IF NOT EXISTS `0_tax_types` (
  `id` int(11) NOT NULL AUTO_INCREMENT,
  `rate` double NOT NULL DEFAULT '0',
  `sales_gl_code` varchar(15) COLLATE utf8_unicode_ci NOT NULL DEFAULT '',
  `purchasing_gl_code` varchar(15) COLLATE utf8_unicode_ci NOT NULL DEFAULT '',
  `name` varchar(60) COLLATE utf8_unicode_ci NOT NULL DEFAULT '',
  `inactive` tinyint(1) NOT NULL DEFAULT '0',
  PRIMARY KEY (`id`)
) ENGINE=InnoDB AUTO_INCREMENT=2 DEFAULT CHARSET=utf8 COLLATE=utf8_unicode_ci;

--
-- Dumping data for table `0_tax_types`
--

INSERT INTO `0_tax_types` (`id`, `rate`, `sales_gl_code`, `purchasing_gl_code`, `name`, `inactive`) VALUES
(1, 12.36, '2150', '2145', 'VAT', 0);

-- --------------------------------------------------------

--
-- Table structure for table `0_trans_tax_details`
--

DROP TABLE IF EXISTS `0_trans_tax_details`;
CREATE TABLE IF NOT EXISTS `0_trans_tax_details` (
  `id` int(11) NOT NULL AUTO_INCREMENT,
  `trans_type` smallint(6) DEFAULT NULL,
  `trans_no` int(11) DEFAULT NULL,
  `tran_date` date NOT NULL,
  `tax_type_id` int(11) NOT NULL DEFAULT '0',
  `rate` double NOT NULL DEFAULT '0',
  `ex_rate` double NOT NULL DEFAULT '1',
  `included_in_price` tinyint(1) NOT NULL DEFAULT '0',
  `net_amount` double NOT NULL DEFAULT '0',
  `amount` double NOT NULL DEFAULT '0',
  `memo` tinytext COLLATE utf8_unicode_ci,
  `reg_type` tinyint(1) DEFAULT NULL,
  PRIMARY KEY (`id`),
  KEY `Type_and_Number` (`trans_type`,`trans_no`),
  KEY `tran_date` (`tran_date`)
) ENGINE=InnoDB DEFAULT CHARSET=utf8 COLLATE=utf8_unicode_ci;

-- --------------------------------------------------------

--
-- Table structure for table `0_useronline`
--

DROP TABLE IF EXISTS `0_useronline`;
CREATE TABLE IF NOT EXISTS `0_useronline` (
  `id` int(11) NOT NULL AUTO_INCREMENT,
  `timestamp` int(15) NOT NULL DEFAULT '0',
  `ip` varchar(40) COLLATE utf8_unicode_ci NOT NULL DEFAULT '',
  `file` varchar(100) COLLATE utf8_unicode_ci NOT NULL DEFAULT '',
  PRIMARY KEY (`id`),
  KEY `timestamp` (`timestamp`),
  KEY `ip` (`ip`)
) ENGINE=InnoDB DEFAULT CHARSET=utf8 COLLATE=utf8_unicode_ci;

-- --------------------------------------------------------

--
-- Table structure for table `0_users`
--

DROP TABLE IF EXISTS `0_users`;
CREATE TABLE IF NOT EXISTS `0_users` (
  `id` smallint(6) NOT NULL AUTO_INCREMENT,
  `user_id` varchar(60) COLLATE utf8_unicode_ci NOT NULL DEFAULT '',
  `password` varchar(100) COLLATE utf8_unicode_ci NOT NULL DEFAULT '',
  `real_name` varchar(100) COLLATE utf8_unicode_ci NOT NULL DEFAULT '',
  `role_id` int(11) NOT NULL DEFAULT '1',
  `phone` varchar(30) COLLATE utf8_unicode_ci NOT NULL DEFAULT '',
  `email` varchar(100) COLLATE utf8_unicode_ci DEFAULT NULL,
  `language` varchar(20) COLLATE utf8_unicode_ci DEFAULT NULL,
  `date_format` tinyint(1) NOT NULL DEFAULT '0',
  `date_sep` tinyint(1) NOT NULL DEFAULT '0',
  `tho_sep` tinyint(1) NOT NULL DEFAULT '0',
  `dec_sep` tinyint(1) NOT NULL DEFAULT '0',
  `theme` varchar(20) COLLATE utf8_unicode_ci NOT NULL DEFAULT 'default',
  `page_size` varchar(20) COLLATE utf8_unicode_ci NOT NULL DEFAULT 'A4',
  `prices_dec` smallint(6) NOT NULL DEFAULT '2',
  `qty_dec` smallint(6) NOT NULL DEFAULT '2',
  `rates_dec` smallint(6) NOT NULL DEFAULT '4',
  `percent_dec` smallint(6) NOT NULL DEFAULT '1',
  `show_gl` tinyint(1) NOT NULL DEFAULT '1',
  `show_codes` tinyint(1) NOT NULL DEFAULT '0',
  `show_hints` tinyint(1) NOT NULL DEFAULT '0',
  `last_visit_date` datetime DEFAULT NULL,
  `query_size` tinyint(1) UNSIGNED NOT NULL DEFAULT '10',
  `graphic_links` tinyint(1) DEFAULT '1',
  `pos` smallint(6) DEFAULT '1',
  `print_profile` varchar(30) COLLATE utf8_unicode_ci NOT NULL DEFAULT '1',
  `rep_popup` tinyint(1) DEFAULT '1',
  `sticky_doc_date` tinyint(1) DEFAULT '0',
  `startup_tab` varchar(20) COLLATE utf8_unicode_ci NOT NULL DEFAULT '',
  `transaction_days` int(6) NOT NULL DEFAULT '30' COMMENT 'Transaction days',
  `save_report_selections` smallint(6) NOT NULL DEFAULT '0' COMMENT 'Save Report Selection Days',
  `use_date_picker` tinyint(1) NOT NULL DEFAULT '1' COMMENT 'Use Date Picker for all Date Values',
  `def_print_destination` tinyint(1) NOT NULL DEFAULT '0' COMMENT 'Default Report Destination',
  `def_print_orientation` tinyint(1) NOT NULL DEFAULT '0' COMMENT 'Default Report Orientation',
  `inactive` tinyint(1) NOT NULL DEFAULT '0',
  PRIMARY KEY (`id`),
  UNIQUE KEY `user_id` (`user_id`)
) ENGINE=InnoDB AUTO_INCREMENT=2 DEFAULT CHARSET=utf8 COLLATE=utf8_unicode_ci;

--
-- Dumping data for table `0_users`
--

INSERT INTO `0_users` (`id`, `user_id`, `password`, `real_name`, `role_id`, `phone`, `email`, `language`, `date_format`, `date_sep`, `tho_sep`, `dec_sep`, `theme`, `page_size`, `prices_dec`, `qty_dec`, `rates_dec`, `percent_dec`, `show_gl`, `show_codes`, `show_hints`, `last_visit_date`, `query_size`, `graphic_links`, `pos`, `print_profile`, `rep_popup`, `sticky_doc_date`, `startup_tab`, `transaction_days`, `save_report_selections`, `use_date_picker`, `def_print_destination`, `def_print_orientation`, `inactive`) VALUES
(1, 'admin', '21232f297a57a5a743894a0e4a801fc3', 'Administrator', 2, '', 'admin@domain.com', 'C', 1, 2, 0, 0, 'default', 'A4', 2, 2, 4, 1, 1, 1, 1, '2018-12-18 08:27:01', 10, 1, 1, '', 1, 0, 'orders', 30, 0, 1, 0, 0, 0);

-- --------------------------------------------------------

--
-- Table structure for table `0_voided`
--

DROP TABLE IF EXISTS `0_voided`;
CREATE TABLE IF NOT EXISTS `0_voided` (
  `type` int(11) NOT NULL DEFAULT '0',
  `id` int(11) NOT NULL DEFAULT '0',
  `date_` date NOT NULL DEFAULT '0000-00-00',
  `memo_` tinytext COLLATE utf8_unicode_ci NOT NULL,
  UNIQUE KEY `id` (`type`,`id`)
) ENGINE=InnoDB DEFAULT CHARSET=utf8 COLLATE=utf8_unicode_ci;

-- --------------------------------------------------------

--
-- Table structure for table `0_workcentres`
--

DROP TABLE IF EXISTS `0_workcentres`;
CREATE TABLE IF NOT EXISTS `0_workcentres` (
  `id` int(11) NOT NULL AUTO_INCREMENT,
  `name` char(40) COLLATE utf8_unicode_ci NOT NULL DEFAULT '',
  `description` char(50) COLLATE utf8_unicode_ci NOT NULL DEFAULT '',
  `inactive` tinyint(1) NOT NULL DEFAULT '0',
  PRIMARY KEY (`id`),
  UNIQUE KEY `name` (`name`)
) ENGINE=InnoDB AUTO_INCREMENT=2 DEFAULT CHARSET=utf8 COLLATE=utf8_unicode_ci;

--
-- Dumping data for table `0_workcentres`
--

INSERT INTO `0_workcentres` (`id`, `name`, `description`, `inactive`) VALUES
(1, 'Workshop', 'Workshop in Town', 0);

-- --------------------------------------------------------

--
-- Table structure for table `0_workorders`
--

DROP TABLE IF EXISTS `0_workorders`;
CREATE TABLE IF NOT EXISTS `0_workorders` (
  `id` int(11) NOT NULL AUTO_INCREMENT,
  `wo_ref` varchar(60) COLLATE utf8_unicode_ci NOT NULL DEFAULT '',
  `loc_code` varchar(5) COLLATE utf8_unicode_ci NOT NULL DEFAULT '',
  `units_reqd` double NOT NULL DEFAULT '1',
  `stock_id` varchar(20) COLLATE utf8_unicode_ci NOT NULL DEFAULT '',
  `date_` date NOT NULL DEFAULT '0000-00-00',
  `type` tinyint(4) NOT NULL DEFAULT '0',
  `required_by` date NOT NULL DEFAULT '0000-00-00',
  `released_date` date NOT NULL DEFAULT '0000-00-00',
  `units_issued` double NOT NULL DEFAULT '0',
  `closed` tinyint(1) NOT NULL DEFAULT '0',
  `released` tinyint(1) NOT NULL DEFAULT '0',
  `additional_costs` double NOT NULL DEFAULT '0',
  PRIMARY KEY (`id`),
  UNIQUE KEY `wo_ref` (`wo_ref`)
) ENGINE=InnoDB DEFAULT CHARSET=utf8 COLLATE=utf8_unicode_ci;

-- --------------------------------------------------------

--
-- Table structure for table `0_wo_costing`
--

DROP TABLE IF EXISTS `0_wo_costing`;
CREATE TABLE IF NOT EXISTS `0_wo_costing` (
  `id` int(11) NOT NULL AUTO_INCREMENT,
  `workorder_id` int(11) NOT NULL DEFAULT '0',
  `cost_type` tinyint(1) NOT NULL DEFAULT '0',
  `trans_type` int(11) NOT NULL DEFAULT '0',
  `trans_no` int(11) NOT NULL DEFAULT '0',
  `factor` double NOT NULL DEFAULT '1',
  PRIMARY KEY (`id`)
) ENGINE=InnoDB DEFAULT CHARSET=utf8 COLLATE=utf8_unicode_ci;

-- --------------------------------------------------------

--
-- Table structure for table `0_wo_issues`
--

DROP TABLE IF EXISTS `0_wo_issues`;
CREATE TABLE IF NOT EXISTS `0_wo_issues` (
  `issue_no` int(11) NOT NULL AUTO_INCREMENT,
  `workorder_id` int(11) NOT NULL DEFAULT '0',
  `reference` varchar(100) COLLATE utf8_unicode_ci DEFAULT NULL,
  `issue_date` date DEFAULT NULL,
  `loc_code` varchar(5) COLLATE utf8_unicode_ci DEFAULT NULL,
  `workcentre_id` int(11) DEFAULT NULL,
  PRIMARY KEY (`issue_no`),
  KEY `workorder_id` (`workorder_id`)
) ENGINE=InnoDB DEFAULT CHARSET=utf8 COLLATE=utf8_unicode_ci;

-- --------------------------------------------------------

--
-- Table structure for table `0_wo_issue_items`
--

DROP TABLE IF EXISTS `0_wo_issue_items`;
CREATE TABLE IF NOT EXISTS `0_wo_issue_items` (
  `id` int(11) NOT NULL AUTO_INCREMENT,
  `stock_id` varchar(40) COLLATE utf8_unicode_ci DEFAULT NULL,
  `issue_id` int(11) DEFAULT NULL,
  `qty_issued` double DEFAULT NULL,
  `unit_cost` double NOT NULL DEFAULT '0',
  PRIMARY KEY (`id`)
) ENGINE=InnoDB DEFAULT CHARSET=utf8 COLLATE=utf8_unicode_ci;

-- --------------------------------------------------------

--
-- Table structure for table `0_wo_manufacture`
--

DROP TABLE IF EXISTS `0_wo_manufacture`;
CREATE TABLE IF NOT EXISTS `0_wo_manufacture` (
  `id` int(11) NOT NULL AUTO_INCREMENT,
  `reference` varchar(100) COLLATE utf8_unicode_ci DEFAULT NULL,
  `workorder_id` int(11) NOT NULL DEFAULT '0',
  `quantity` double NOT NULL DEFAULT '0',
  `date_` date NOT NULL DEFAULT '0000-00-00',
  PRIMARY KEY (`id`),
  KEY `workorder_id` (`workorder_id`)
) ENGINE=InnoDB DEFAULT CHARSET=utf8 COLLATE=utf8_unicode_ci;

-- --------------------------------------------------------

--
-- Table structure for table `0_wo_requirements`
--

DROP TABLE IF EXISTS `0_wo_requirements`;
CREATE TABLE IF NOT EXISTS `0_wo_requirements` (
  `id` int(11) NOT NULL AUTO_INCREMENT,
  `workorder_id` int(11) NOT NULL DEFAULT '0',
  `stock_id` char(20) COLLATE utf8_unicode_ci NOT NULL DEFAULT '',
  `workcentre` int(11) NOT NULL DEFAULT '0',
  `units_req` double NOT NULL DEFAULT '1',
  `unit_cost` double NOT NULL DEFAULT '0',
  `loc_code` char(5) COLLATE utf8_unicode_ci NOT NULL DEFAULT '',
  `units_issued` double NOT NULL DEFAULT '0',
  PRIMARY KEY (`id`),
  KEY `workorder_id` (`workorder_id`)
) ENGINE=InnoDB DEFAULT CHARSET=utf8 COLLATE=utf8_unicode_ci;
--
-- Database: `health_app`
--
CREATE DATABASE IF NOT EXISTS `health_app` DEFAULT CHARACTER SET latin1 COLLATE latin1_swedish_ci;
USE `health_app`;

-- --------------------------------------------------------

--
-- Table structure for table `health_details`
--

DROP TABLE IF EXISTS `health_details`;
CREATE TABLE IF NOT EXISTS `health_details` (
  `id` int(11) NOT NULL AUTO_INCREMENT,
  `username` varchar(200) NOT NULL,
  `health_details` varchar(200) NOT NULL,
  PRIMARY KEY (`id`),
  KEY `username` (`username`)
) ENGINE=InnoDB DEFAULT CHARSET=latin1;

-- --------------------------------------------------------

--
-- Table structure for table `users`
--

DROP TABLE IF EXISTS `users`;
CREATE TABLE IF NOT EXISTS `users` (
  `id` int(11) NOT NULL AUTO_INCREMENT,
  `username` varchar(200) NOT NULL,
  `email_addr` varchar(200) NOT NULL,
  `password` varchar(200) NOT NULL,
  PRIMARY KEY (`id`),
  UNIQUE KEY `username` (`username`)
) ENGINE=InnoDB DEFAULT CHARSET=latin1;

--
-- Constraints for dumped tables
--

--
-- Constraints for table `health_details`
--
ALTER TABLE `health_details`
  ADD CONSTRAINT `health_details_ibfk_1` FOREIGN KEY (`username`) REFERENCES `users` (`username`);
--
-- Database: `humanity`
--
CREATE DATABASE IF NOT EXISTS `humanity` DEFAULT CHARACTER SET latin1 COLLATE latin1_swedish_ci;
USE `humanity`;

-- --------------------------------------------------------

--
-- Table structure for table `clock_day_counter`
--

DROP TABLE IF EXISTS `clock_day_counter`;
CREATE TABLE IF NOT EXISTS `clock_day_counter` (
  `id` int(11) NOT NULL AUTO_INCREMENT,
  `clock_index` int(11) NOT NULL,
  `clock_time` datetime DEFAULT NULL,
  `emp_id` int(11) NOT NULL,
  PRIMARY KEY (`id`),
  KEY `clock_index` (`clock_index`),
  KEY `emp_id` (`emp_id`)
) ENGINE=InnoDB AUTO_INCREMENT=12 DEFAULT CHARSET=latin1;

--
-- Dumping data for table `clock_day_counter`
--

INSERT INTO `clock_day_counter` (`id`, `clock_index`, `clock_time`, `emp_id`) VALUES
(11, 325, NULL, 63);

-- --------------------------------------------------------

--
-- Table structure for table `employees`
--

DROP TABLE IF EXISTS `employees`;
CREATE TABLE IF NOT EXISTS `employees` (
  `id` int(11) NOT NULL AUTO_INCREMENT,
  `first_name` varchar(200) NOT NULL,
  `last_name` varchar(200) NOT NULL,
  `email_addr` varchar(200) NOT NULL,
  `phone_no` varchar(11) NOT NULL,
  `password` varchar(1000) NOT NULL,
  `emp_image` text NOT NULL,
  `role` varchar(20) NOT NULL,
  `position` int(11) NOT NULL,
  `payroll_card` int(11) DEFAULT NULL,
  `total_pay` double NOT NULL,
  PRIMARY KEY (`id`),
  UNIQUE KEY `email_addr` (`email_addr`),
  KEY `payroll_card` (`payroll_card`)
) ENGINE=InnoDB AUTO_INCREMENT=65 DEFAULT CHARSET=latin1;

--
-- Dumping data for table `employees`
--

INSERT INTO `employees` (`id`, `first_name`, `last_name`, `email_addr`, `phone_no`, `password`, `emp_image`, `role`, `position`, `payroll_card`, `total_pay`) VALUES
(45, 'test', 'admin', 'admin@gmail.com', '03035787036', 'd2VsY29tZQ==', '48381465_355644638322851_7153055705484754944_n.jpg', 'superadmin', 0, NULL, 0),
(63, 'Ali', 'Raza', 'aliraza@gmail.com', '03035787036', 'cXc0aGRkcWNyZw==', 'employee63.jpg', '', 1, 15, 0),
(64, 'umar', 'farooq', 'umarfarooq@gmail.com', '03035787036', 'cXc0aGRkcWNyZw==', 'employee64.jpg', '', 3, 15, 0);

-- --------------------------------------------------------

--
-- Table structure for table `leaves`
--

DROP TABLE IF EXISTS `leaves`;
CREATE TABLE IF NOT EXISTS `leaves` (
  `id` int(11) NOT NULL AUTO_INCREMENT,
  `paid_leaves` int(2) NOT NULL,
  `emp_id` int(11) NOT NULL,
  `leave_condition` int(1) NOT NULL,
  PRIMARY KEY (`id`),
  KEY `emp_id` (`emp_id`)
) ENGINE=InnoDB AUTO_INCREMENT=7 DEFAULT CHARSET=latin1;

--
-- Dumping data for table `leaves`
--

INSERT INTO `leaves` (`id`, `paid_leaves`, `emp_id`, `leave_condition`) VALUES
(5, 0, 63, 0),
(6, 0, 64, 0);

-- --------------------------------------------------------

--
-- Table structure for table `payroll_cards`
--

DROP TABLE IF EXISTS `payroll_cards`;
CREATE TABLE IF NOT EXISTS `payroll_cards` (
  `id` int(11) NOT NULL AUTO_INCREMENT,
  `card_title` varchar(200) NOT NULL,
  `pay_rate` int(3) NOT NULL,
  `daily_hours` int(2) NOT NULL,
  `hrly_rate_chart` text NOT NULL,
  PRIMARY KEY (`id`)
) ENGINE=InnoDB AUTO_INCREMENT=16 DEFAULT CHARSET=latin1;

--
-- Dumping data for table `payroll_cards`
--

INSERT INTO `payroll_cards` (`id`, `card_title`, `pay_rate`, `daily_hours`, `hrly_rate_chart`) VALUES
(15, '8 Hours card', 100, 8, '{\"sun0\":\"100%\",\"mon0\":\"127%\",\"tue0\":\"100%\",\"wed0\":\"100%\",\"thu0\":\"127%\",\"fri0\":\"127%\",\"sat0\":\"100%\",\"sun0pm\":\"100%\",\"mon0pm\":\"100%\",\"tue0pm\":\"100%\",\"wed0pm\":\"100%\",\"thu0pm\":\"100%\",\"fri0pm\":\"100%\",\"sat0pm\":\"100%\",\"special_hours\":{\"_am_ip_mon0\":\"127%\",\"_am_ip_thu0\":\"127%\",\"_am_ip_fri0\":\"127%\",\"_am_ip_mon1\":\"127%\",\"_am_ip_thu1\":\"127%\",\"_am_ip_fri1\":\"127%\",\"_am_ip_mon2\":\"127%\",\"_am_ip_thu2\":\"127%\",\"_am_ip_fri2\":\"127%\",\"_am_ip_mon3\":\"127%\",\"_am_ip_thu3\":\"127%\",\"_am_ip_fri3\":\"127%\",\"_am_ip_mon4\":\"127%\",\"_am_ip_thu4\":\"127%\",\"_am_ip_fri4\":\"127%\",\"_am_ip_mon5\":\"127%\",\"_am_ip_thu5\":\"127%\",\"_am_ip_fri5\":\"127%\",\"_am_ip_mon6\":\"127%\",\"_am_ip_thu6\":\"127%\",\"_am_ip_fri6\":\"127%\",\"_am_ip_mon7\":\"127%\",\"_am_ip_thu7\":\"127%\",\"_am_ip_fri7\":\"127%\",\"_am_ip_mon8\":\"127%\",\"_am_ip_thu8\":\"127%\",\"_am_ip_fri8\":\"127%\",\"_am_ip_mon9\":\"127%\",\"_am_ip_thu9\":\"127%\",\"_am_ip_fri9\":\"127%\",\"_am_ip_mon10\":\"127%\",\"_am_ip_thu10\":\"127%\",\"_am_ip_fri10\":\"127%\",\"_am_ip_mon11\":\"127%\",\"_am_ip_thu11\":\"127%\",\"_am_ip_fri11\":\"127%\"}}');

-- --------------------------------------------------------

--
-- Table structure for table `pays`
--

DROP TABLE IF EXISTS `pays`;
CREATE TABLE IF NOT EXISTS `pays` (
  `id` int(11) NOT NULL AUTO_INCREMENT,
  `emp_id` int(11) NOT NULL,
  `monthly_salary` double NOT NULL,
  `calculated_salary` double NOT NULL,
  `salary_type` varchar(20) NOT NULL,
  `per_hour_amount` double NOT NULL,
  PRIMARY KEY (`id`),
  KEY `emp_id` (`emp_id`)
) ENGINE=InnoDB AUTO_INCREMENT=7 DEFAULT CHARSET=latin1;

--
-- Dumping data for table `pays`
--

INSERT INTO `pays` (`id`, `emp_id`, `monthly_salary`, `calculated_salary`, `salary_type`, `per_hour_amount`) VALUES
(5, 63, 30000, 0, 'monthly', 0),
(6, 64, 30000, 0, 'monthly', 0);

-- --------------------------------------------------------

--
-- Table structure for table `positions`
--

DROP TABLE IF EXISTS `positions`;
CREATE TABLE IF NOT EXISTS `positions` (
  `id` int(11) NOT NULL AUTO_INCREMENT,
  `name` varchar(100) NOT NULL,
  `location` int(11) NOT NULL,
  PRIMARY KEY (`id`),
  KEY `location` (`location`)
) ENGINE=InnoDB AUTO_INCREMENT=4 DEFAULT CHARSET=latin1;

--
-- Dumping data for table `positions`
--

INSERT INTO `positions` (`id`, `name`, `location`) VALUES
(1, 'web developer', 4),
(2, 'Car painter', 4),
(3, 'Hostel web developers', 5);

-- --------------------------------------------------------

--
-- Table structure for table `terminals`
--

DROP TABLE IF EXISTS `terminals`;
CREATE TABLE IF NOT EXISTS `terminals` (
  `id` int(11) NOT NULL AUTO_INCREMENT,
  `location` text NOT NULL,
  `name` varchar(100) NOT NULL,
  PRIMARY KEY (`id`)
) ENGINE=InnoDB AUTO_INCREMENT=6 DEFAULT CHARSET=latin1;

--
-- Dumping data for table `terminals`
--

INSERT INTO `terminals` (`id`, `location`, `name`) VALUES
(4, 'Plot 52, Tipu Block Garden Town, Lahore, Punjab, Pakistan', 'Showroom1'),
(5, 'Street No.1, G. E. C. H. S Phase 3 Muhammadpura, Lahore, Punjab 54600, Pakistan', 'Continental hostel');

-- --------------------------------------------------------

--
-- Table structure for table `terminal_links`
--

DROP TABLE IF EXISTS `terminal_links`;
CREATE TABLE IF NOT EXISTS `terminal_links` (
  `id` int(11) NOT NULL AUTO_INCREMENT,
  `position_id` int(11) NOT NULL,
  PRIMARY KEY (`id`),
  KEY `position_id` (`position_id`)
) ENGINE=InnoDB AUTO_INCREMENT=5 DEFAULT CHARSET=latin1;

--
-- Dumping data for table `terminal_links`
--

INSERT INTO `terminal_links` (`id`, `position_id`) VALUES
(2, 1),
(3, 1),
(4, 3);

-- --------------------------------------------------------

--
-- Table structure for table `time_clock`
--

DROP TABLE IF EXISTS `time_clock`;
CREATE TABLE IF NOT EXISTS `time_clock` (
  `id` int(11) NOT NULL AUTO_INCREMENT,
  `emp_clock_in` datetime NOT NULL,
  `emp_clock_out` datetime NOT NULL,
  `emp_loc` text NOT NULL,
  `emp_id` int(11) NOT NULL,
  `clock_in_img` text NOT NULL,
  `clock_out_img` text NOT NULL,
  `emp_clock_out_loc` text NOT NULL,
  `clock_pay` double NOT NULL,
  `status` int(11) NOT NULL,
  PRIMARY KEY (`id`),
  KEY `emp_id` (`emp_id`)
) ENGINE=InnoDB AUTO_INCREMENT=326 DEFAULT CHARSET=latin1;

--
-- Dumping data for table `time_clock`
--

INSERT INTO `time_clock` (`id`, `emp_clock_in`, `emp_clock_out`, `emp_loc`, `emp_id`, `clock_in_img`, `clock_out_img`, `emp_clock_out_loc`, `clock_pay`, `status`) VALUES
(325, '2019-01-21 10:10:06', '2019-01-21 20:11:46', 'Plot 52, Tipu Block Garden Town, Lahore, Punjab, Pakistan', 63, 'clock_in325.jpeg', 'clock_out325.jpeg', 'Plot 52, Tipu Block Garden Town, Lahore, Punjab, Pakistan', 1320.9722222222, 0);

--
-- Constraints for dumped tables
--

--
-- Constraints for table `clock_day_counter`
--
ALTER TABLE `clock_day_counter`
  ADD CONSTRAINT `clock_day_counter_ibfk_1` FOREIGN KEY (`clock_index`) REFERENCES `time_clock` (`id`),
  ADD CONSTRAINT `clock_day_counter_ibfk_2` FOREIGN KEY (`emp_id`) REFERENCES `employees` (`id`);

--
-- Constraints for table `employees`
--
ALTER TABLE `employees`
  ADD CONSTRAINT `employees_ibfk_1` FOREIGN KEY (`payroll_card`) REFERENCES `payroll_cards` (`id`);

--
-- Constraints for table `leaves`
--
ALTER TABLE `leaves`
  ADD CONSTRAINT `leaves_ibfk_1` FOREIGN KEY (`emp_id`) REFERENCES `employees` (`id`);

--
-- Constraints for table `pays`
--
ALTER TABLE `pays`
  ADD CONSTRAINT `pays_ibfk_1` FOREIGN KEY (`emp_id`) REFERENCES `employees` (`id`);

--
-- Constraints for table `positions`
--
ALTER TABLE `positions`
  ADD CONSTRAINT `positions_ibfk_1` FOREIGN KEY (`location`) REFERENCES `terminals` (`id`);

--
-- Constraints for table `terminal_links`
--
ALTER TABLE `terminal_links`
  ADD CONSTRAINT `terminal_links_ibfk_1` FOREIGN KEY (`position_id`) REFERENCES `positions` (`id`);

--
-- Constraints for table `time_clock`
--
ALTER TABLE `time_clock`
  ADD CONSTRAINT `time_clock_ibfk_1` FOREIGN KEY (`emp_id`) REFERENCES `employees` (`id`) ON DELETE CASCADE;
--
-- Database: `laravel_qa`
--
CREATE DATABASE IF NOT EXISTS `laravel_qa` DEFAULT CHARACTER SET latin1 COLLATE latin1_swedish_ci;
USE `laravel_qa`;

-- --------------------------------------------------------

--
-- Table structure for table `migrations`
--

DROP TABLE IF EXISTS `migrations`;
CREATE TABLE IF NOT EXISTS `migrations` (
  `id` int(10) UNSIGNED NOT NULL AUTO_INCREMENT,
  `migration` varchar(255) COLLATE utf8_unicode_ci NOT NULL,
  `batch` int(11) NOT NULL,
  PRIMARY KEY (`id`)
) ENGINE=MyISAM AUTO_INCREMENT=4 DEFAULT CHARSET=utf8 COLLATE=utf8_unicode_ci;

--
-- Dumping data for table `migrations`
--

INSERT INTO `migrations` (`id`, `migration`, `batch`) VALUES
(1, '2014_10_12_000000_create_users_table', 1),
(2, '2014_10_12_100000_create_password_resets_table', 1),
(3, '2019_01_06_194817_create_question_table', 2);

-- --------------------------------------------------------

--
-- Table structure for table `password_resets`
--

DROP TABLE IF EXISTS `password_resets`;
CREATE TABLE IF NOT EXISTS `password_resets` (
  `email` varchar(255) COLLATE utf8_unicode_ci NOT NULL,
  `token` varchar(255) COLLATE utf8_unicode_ci NOT NULL,
  `created_at` timestamp NULL DEFAULT NULL,
  KEY `password_resets_email_index` (`email`)
) ENGINE=MyISAM DEFAULT CHARSET=utf8 COLLATE=utf8_unicode_ci;

-- --------------------------------------------------------

--
-- Table structure for table `question`
--

DROP TABLE IF EXISTS `question`;
CREATE TABLE IF NOT EXISTS `question` (
  `id` int(10) UNSIGNED NOT NULL AUTO_INCREMENT,
  `title` varchar(255) COLLATE utf8_unicode_ci NOT NULL,
  `slug` varchar(255) COLLATE utf8_unicode_ci NOT NULL,
  `body` text COLLATE utf8_unicode_ci NOT NULL,
  `views` int(10) UNSIGNED NOT NULL DEFAULT '0',
  `answers` int(10) UNSIGNED NOT NULL DEFAULT '0',
  `votes` int(11) NOT NULL DEFAULT '0',
  `best_answer_id` int(10) UNSIGNED DEFAULT NULL,
  `user_id` int(10) UNSIGNED NOT NULL,
  `created_at` timestamp NULL DEFAULT NULL,
  `updated_at` timestamp NULL DEFAULT NULL,
  PRIMARY KEY (`id`),
  UNIQUE KEY `question_slug_unique` (`slug`),
  KEY `question_user_id_foreign` (`user_id`)
) ENGINE=MyISAM DEFAULT CHARSET=utf8 COLLATE=utf8_unicode_ci;

-- --------------------------------------------------------

--
-- Table structure for table `users`
--

DROP TABLE IF EXISTS `users`;
CREATE TABLE IF NOT EXISTS `users` (
  `id` int(10) UNSIGNED NOT NULL AUTO_INCREMENT,
  `name` varchar(255) COLLATE utf8_unicode_ci NOT NULL,
  `email` varchar(255) COLLATE utf8_unicode_ci NOT NULL,
  `email_verified_at` timestamp NULL DEFAULT NULL,
  `password` varchar(255) COLLATE utf8_unicode_ci NOT NULL,
  `remember_token` varchar(100) COLLATE utf8_unicode_ci DEFAULT NULL,
  `created_at` timestamp NULL DEFAULT NULL,
  `updated_at` timestamp NULL DEFAULT NULL,
  PRIMARY KEY (`id`),
  UNIQUE KEY `users_email_unique` (`email`)
) ENGINE=MyISAM DEFAULT CHARSET=utf8 COLLATE=utf8_unicode_ci;
--
-- Database: `lv_tutorials`
--
CREATE DATABASE IF NOT EXISTS `lv_tutorials` DEFAULT CHARACTER SET latin1 COLLATE latin1_swedish_ci;
USE `lv_tutorials`;

-- --------------------------------------------------------

--
-- Table structure for table `migrations`
--

DROP TABLE IF EXISTS `migrations`;
CREATE TABLE IF NOT EXISTS `migrations` (
  `id` int(10) UNSIGNED NOT NULL AUTO_INCREMENT,
  `migration` varchar(255) COLLATE utf8mb4_unicode_ci NOT NULL,
  `batch` int(11) NOT NULL,
  PRIMARY KEY (`id`)
) ENGINE=MyISAM AUTO_INCREMENT=2 DEFAULT CHARSET=utf8mb4 COLLATE=utf8mb4_unicode_ci;

--
-- Dumping data for table `migrations`
--

INSERT INTO `migrations` (`id`, `migration`, `batch`) VALUES
(1, '2019_01_05_172858_create_projects_table', 1);

-- --------------------------------------------------------

--
-- Table structure for table `projects`
--

DROP TABLE IF EXISTS `projects`;
CREATE TABLE IF NOT EXISTS `projects` (
  `id` int(10) UNSIGNED NOT NULL AUTO_INCREMENT,
  `title` varchar(255) COLLATE utf8mb4_unicode_ci NOT NULL,
  `description` text COLLATE utf8mb4_unicode_ci NOT NULL,
  `created_at` timestamp NULL DEFAULT NULL,
  `updated_at` timestamp NULL DEFAULT NULL,
  PRIMARY KEY (`id`)
) ENGINE=MyISAM AUTO_INCREMENT=5 DEFAULT CHARSET=utf8mb4 COLLATE=utf8mb4_unicode_ci;

--
-- Dumping data for table `projects`
--

INSERT INTO `projects` (`id`, `title`, `description`, `created_at`, `updated_at`) VALUES
(1, 'My First Project', 'lorem ipsum', '2019-01-05 13:16:44', '2019-01-05 13:16:44'),
(2, 'My Second Project', 'Lorem Ipsum', '2019-01-05 13:19:49', '2019-01-05 13:19:49'),
(3, 'some title', 'some description', '2019-01-05 14:15:49', '2019-01-05 14:15:49'),
(4, 'another project title', 'this is the description of the project', '2019-01-05 14:16:20', '2019-01-05 14:16:20');
--
-- Database: `nation_motors_inc`
--
CREATE DATABASE IF NOT EXISTS `nation_motors_inc` DEFAULT CHARACTER SET latin1 COLLATE latin1_swedish_ci;
USE `nation_motors_inc`;

-- --------------------------------------------------------

--
-- Table structure for table `about_us`
--

DROP TABLE IF EXISTS `about_us`;
CREATE TABLE IF NOT EXISTS `about_us` (
  `data` longtext NOT NULL
) ENGINE=MyISAM DEFAULT CHARSET=latin1;

--
-- Dumping data for table `about_us`
--

INSERT INTO `about_us` (`data`) VALUES
('<p>Array ( [0] =&gt; stdClass Object ( [data] =&gt;</p>\r\n\r\n<p>Array ( [0] =&gt; stdClass Object ( [data] =&gt;</p>\r\n\r\n<p>A PHP Error was encountered</p>\r\n\r\n<p>Severity: Notice</p>\r\n\r\n<p>Message: Undefined variable: result</p>\r\n\r\n<p>Filename: pages/about.php</p>\r\n\r\n<p>Line Number: 25</p>\r\n\r\n<p>Backtrace:</p>\r\n\r\n<p>File: E:\\wamp64\\www\\ci\\application\\views\\admin\\pages\\about.php<br />\r\nLine: 25<br />\r\nFunction: _error_handler</p>\r\n\r\n<p>File: E:\\wamp64\\www\\ci\\application\\controllers\\Admin.php<br />\r\nLine: 427<br />\r\nFunction: view</p>\r\n\r\n<p>File: E:\\wamp64\\www\\ci\\index.php<br />\r\nLine: 315<br />\r\nFunction: require_once</p>\r\n\r\n<p>A PHP Error was encountered</p>\r\n\r\n<p>Severity: Notice</p>\r\n\r\n<p>Message: Trying to get property &#39;data&#39; of non-object</p>\r\n\r\n<p>Filename: pages/about.php</p>\r\n\r\n<p>Line Number: 25</p>\r\n\r\n<p>Backtrace:</p>\r\n\r\n<p>File: E:\\wamp64\\www\\ci\\application\\views\\admin\\pages\\about.php<br />\r\nLine: 25<br />\r\nFunction: _error_handler</p>\r\n\r\n<p>File: E:\\wamp64\\www\\ci\\application\\controllers\\Admin.php<br />\r\nLine: 427<br />\r\nFunction: view</p>\r\n\r\n<p>File: E:\\wamp64\\www\\ci\\index.php<br />\r\nLine: 315<br />\r\nFunction: require_once</p>\r\n\r\n<p>) ) 1</p>\r\n\r\n<p>A PHP Error was encountered</p>\r\n\r\n<p>Severity: Notice</p>\r\n\r\n<p>Message: Undefined variable: result</p>\r\n\r\n<p>Filename: pages/about.php</p>\r\n\r\n<p>Line Number: 25</p>\r\n\r\n<p>Backtrace:</p>\r\n\r\n<p>File: E:\\wamp64\\www\\ci\\application\\views\\admin\\pages\\about.php<br />\r\nLine: 25<br />\r\nFunction: _error_handler</p>\r\n\r\n<p>File: E:\\wamp64\\www\\ci\\application\\controllers\\Admin.php<br />\r\nLine: 408<br />\r\nFunction: view</p>\r\n\r\n<p>File: E:\\wamp64\\www\\ci\\index.php<br />\r\nLine: 315<br />\r\nFunction: require_once</p>\r\n\r\n<p>1</p>\r\n\r\n<p>) )</p>\r\n');

-- --------------------------------------------------------

--
-- Table structure for table `applicants`
--

DROP TABLE IF EXISTS `applicants`;
CREATE TABLE IF NOT EXISTS `applicants` (
  `id` int(11) NOT NULL AUTO_INCREMENT,
  `created` datetime NOT NULL,
  `app_personal_details` text NOT NULL,
  `app_id_details` text NOT NULL,
  `app_street_addr_details` text NOT NULL,
  `app_mail_addr_details` text NOT NULL,
  `app_rent_mort_details` text NOT NULL,
  `app_prev_addr_details` text NOT NULL,
  `app_curr_emp_details` text NOT NULL,
  `app_curr_emp_addr_details` text NOT NULL,
  `app_prev_emp_details` text NOT NULL,
  `app_secondary_emp_details` text NOT NULL,
  `app_other_gross_details` text NOT NULL,
  `app_ref_details` text NOT NULL,
  `flag` int(11) NOT NULL,
  PRIMARY KEY (`id`),
  KEY `id` (`id`)
) ENGINE=InnoDB AUTO_INCREMENT=29 DEFAULT CHARSET=latin1;

--
-- Dumping data for table `applicants`
--

INSERT INTO `applicants` (`id`, `created`, `app_personal_details`, `app_id_details`, `app_street_addr_details`, `app_mail_addr_details`, `app_rent_mort_details`, `app_prev_addr_details`, `app_curr_emp_details`, `app_curr_emp_addr_details`, `app_prev_emp_details`, `app_secondary_emp_details`, `app_other_gross_details`, `app_ref_details`, `flag`) VALUES
(27, '2018-12-10 10:26:51', '{\"app_first_name\":\"Muhammad\",\"app_middle_name\":\"Umar\",\"app_last_name\":\"Farooq\",\"app_date_of_birth\":\"2015-10-06\",\"app_soc_sec_num\":\"soc. sec. no\",\"app_primary_phone_num\":\"primary phone\",\"app_secondary_phone_num\":\"secondary phone\",\"app_email_address\":\"umar.bwn@gmail.com\"}', '{\"app_govt_id_type\":\"govt id type\",\"app_govt_id_num\":\"govt id no\",\"app_govt_id_issued_by\":\"govt id issued by\",\"app_govt_id_issue_date\":\"2014-10-07\",\"app_govt_id_exp_date\":\"2015-09-06\"}', '{\"app_street_address\":\"street address\",\"app_apt_num\":\"apt #\",\"app_city\":\"Lahore\",\"app_state\":\"AZ\",\"app_zip_code\":\"92\",\"app_how_long_years\":\"2\",\"app_how_long_months\":\"3\"}', '{\"app_mailing_address\":\"mailing address\",\"app_mail_apt_num\":\"app #\",\"app_mail_city\":\"city\",\"app_mail_state\":\"AZ\",\"app_mail_zip\":\"zpi code\"}', '{\"app_rent_or_mortgage\":\"monthly rent or mortagepayment\",\"app_landlord_mortgage\":\"landlord\\/mortgage\",\"app_residence_status\":\"With relatives\",\"app_landlord_phone\":\"Landlord phone\"}', '{\"app_prev_address\":\"prevous address\",\"app_prev_city\":\"city\",\"app_prev_apt_num\":\"apt #\",\"app_prev_state\":\"AZ\",\"app_prev_zip\":\"zip code\",\"app_prev_how_long_years\":\"1\",\"app_prev_how_long_months\":\"2\"}', '{\"app_current_emp\":\"current employer\",\"app_gros_mo_salary\":\"gross monthly income\",\"app_work_phone\":\"my current work phone\",\"app_curr_emp_how_long\":null,\"app_curr_occ_job_title\":\"occupation job or title\"}', '{\"app_curr_emp_address\":\"current employers address\",\"app_curr_emp_city\":\"city\",\"app_curr_emp_state\":\"AK\",\"app_curr_emp_zip\":\"zip code\",\"app_curr_emp_how_long_years\":\"1\",\"app_curr_emp_how_long_months\":\"3\"}', '{\"app_prev_emp\":\"previous employer\",\"app_prev_emp_gros_mo_sal\":\"gross monthly salary\",\"app_prev_emp_full_addr\":\"previous employers full address\",\"app_prev_emp_phone\":\"phone number\"}', '{\"app_secondary_emp_name\":\"secondary imployer name\",\"app_secondary_emp_addr\":\"secondary address\",\"app_secondary_emp_city\":\"city\",\"app_secondary_emp_state\":\"AZ\",\"app_secondary_emp_zip\":\"zip\",\"app_secondary_emp_gros_mo_sal\":\"gross monthly salary\",\"app_secondary_emp_phone\":\"occupation\",\"app_secondary_emp_how_long_years\":\"3\",\"app_secondary_emp_how_long_months\":\"3\",\"app_secondary_emp_occu_job_title\":\"occupation job title\"}', '{\"app_other_gross_mo_income\":\"1\",\"app_other_income_source\":\"other income source\"}', '{\"app_reference\":\"reference\",\"app_reference_phone\":\"phone\",\"app_reference_addr\":\"address\",\"app_reference_relationship\":\"relationship\",\"app_bank_reference\":\"1\"}', 1),
(28, '2018-12-10 16:18:52', '{\"app_first_name\":\"ksjdfl\",\"app_middle_name\":\"kjasldkfj\",\"app_last_name\":\"kljasdflkj\",\"app_date_of_birth\":\"2016-09-07\",\"app_soc_sec_num\":\"sdfasdf\",\"app_primary_phone_num\":\"asdf\",\"app_secondary_phone_num\":\"kasjdflk\",\"app_email_address\":\"umar.bwn@gmail.com\"}', '{\"app_govt_id_type\":\"kjasdf\",\"app_govt_id_num\":\"jlaskdf\",\"app_govt_id_issued_by\":\"kljsaldfk\",\"app_govt_id_issue_date\":\"2015-10-07\",\"app_govt_id_exp_date\":\"2014-09-07\"}', '{\"app_street_address\":\"kjsadflk\",\"app_apt_num\":\"kjalsdfk\",\"app_city\":\"kljasdf\",\"app_state\":\"AZ\",\"app_zip_code\":\"asdf\",\"app_how_long_years\":\"2\",\"app_how_long_months\":\"2\"}', '{\"app_mailing_address\":\"asdf\",\"app_mail_apt_num\":\"asdf\",\"app_mail_city\":\"city\",\"app_mail_state\":\"AK\",\"app_mail_zip\":\"234\"}', '{\"app_rent_or_mortgage\":\"asdf\",\"app_landlord_mortgage\":\"adfasd\",\"app_residence_status\":\"Rent\",\"app_landlord_phone\":\"asdfasdf\"}', '{\"app_prev_address\":\"asdfasdf\",\"app_prev_city\":\"asdf\",\"app_prev_apt_num\":\"asdf\",\"app_prev_state\":\"AZ\",\"app_prev_zip\":\"asdf\",\"app_prev_how_long_years\":\"3\",\"app_prev_how_long_months\":\"5\"}', '{\"app_current_emp\":\"sdfasdf\",\"app_gros_mo_salary\":\"asdfasdf\",\"app_work_phone\":\"asdfasdf\",\"app_curr_emp_how_long\":null,\"app_curr_occ_job_title\":\"asdfasdf\"}', '{\"app_curr_emp_address\":\"asdfasdf\",\"app_curr_emp_city\":\"asdfasdf\",\"app_curr_emp_state\":\"AR\",\"app_curr_emp_zip\":\"asdfasdf\",\"app_curr_emp_how_long_years\":\"5\",\"app_curr_emp_how_long_months\":\"6\"}', '{\"app_prev_emp\":\"sdfasf\",\"app_prev_emp_gros_mo_sal\":\"asdfasdf\",\"app_prev_emp_full_addr\":\"sadfasdf\",\"app_prev_emp_phone\":\"sadfasdf\"}', '{\"app_secondary_emp_name\":\"asdfasdf\",\"app_secondary_emp_addr\":\"asfdasdf\",\"app_secondary_emp_city\":\"sadfasdf\",\"app_secondary_emp_state\":\"AR\",\"app_secondary_emp_zip\":\"sdf\",\"app_secondary_emp_gros_mo_sal\":\"asfasdf\",\"app_secondary_emp_phone\":\"asdfasdf\",\"app_secondary_emp_how_long_years\":\"3\",\"app_secondary_emp_how_long_months\":\"5\",\"app_secondary_emp_occu_job_title\":\"sfasf\"}', '{\"app_other_gross_mo_income\":\"1\",\"app_other_income_source\":\"asdfasf\"}', '{\"app_reference\":\"asdfasdf\",\"app_reference_phone\":\"asdfasdf\",\"app_reference_addr\":\"asdf\",\"app_reference_relationship\":\"asdfasdf\",\"app_bank_reference\":\"1\"}', 1);

-- --------------------------------------------------------

--
-- Table structure for table `car_finder`
--

DROP TABLE IF EXISTS `car_finder`;
CREATE TABLE IF NOT EXISTS `car_finder` (
  `id` int(11) NOT NULL AUTO_INCREMENT,
  `cf_first_name` varchar(500) NOT NULL,
  `cf_last_name` varchar(500) NOT NULL,
  `cf_mobile_phone` varchar(20) NOT NULL,
  `cf_home_phone` varchar(20) NOT NULL,
  `cf_email` varchar(1000) NOT NULL,
  `cf_year` varchar(4) NOT NULL,
  `cf_make` varchar(200) NOT NULL,
  `cf_model` varchar(200) NOT NULL,
  `cf_price_range` double NOT NULL,
  `cf_desired_features` text NOT NULL,
  `flag` int(11) NOT NULL,
  `created` datetime NOT NULL,
  PRIMARY KEY (`id`)
) ENGINE=MyISAM AUTO_INCREMENT=8 DEFAULT CHARSET=latin1;

--
-- Dumping data for table `car_finder`
--

INSERT INTO `car_finder` (`id`, `cf_first_name`, `cf_last_name`, `cf_mobile_phone`, `cf_home_phone`, `cf_email`, `cf_year`, `cf_make`, `cf_model`, `cf_price_range`, `cf_desired_features`, `flag`, `created`) VALUES
(6, 'Muhammad Umar', 'Farooq', '02342343434', '02342343434', 'umarjeebwn@gmail.com', '2011', 'sample make', 'sample model', 23022, 'sample desired features', 0, '2018-12-14 08:18:41'),
(7, 'Muhammad Umar', 'Farooq', '02342343434', '02342343434', 'umarjeebwn@gmail.com', '2011', 'sample make', 'sample model', 23022, 'sample desired features', 0, '2018-12-14 08:19:21');

-- --------------------------------------------------------

--
-- Table structure for table `contact_us`
--

DROP TABLE IF EXISTS `contact_us`;
CREATE TABLE IF NOT EXISTS `contact_us` (
  `data` longtext NOT NULL
) ENGINE=MyISAM DEFAULT CHARSET=latin1;

--
-- Dumping data for table `contact_us`
--

INSERT INTO `contact_us` (`data`) VALUES
('<p>kljas dfklj lakdjs flkasdf</p>\r\n');

-- --------------------------------------------------------

--
-- Table structure for table `co_buyer`
--

DROP TABLE IF EXISTS `co_buyer`;
CREATE TABLE IF NOT EXISTS `co_buyer` (
  `id` int(11) NOT NULL,
  `created` datetime NOT NULL,
  `co_buyer_personal_details` text NOT NULL,
  `co_buyer_id_details` text NOT NULL,
  `co_buyer_street_addr_details` text NOT NULL,
  `co_buyer_mail_addr_details` text NOT NULL,
  `co_buyer_rent_mort_details` text NOT NULL,
  `co_buyer_prev_addr_details` text NOT NULL,
  `co_buyer_curr_emp_details` text NOT NULL,
  `co_buyer_curr_emp_addr_details` text NOT NULL,
  `co_buyer_prev_emp_details` text NOT NULL,
  `co_buyer_secondary_emp_details` text NOT NULL,
  `co_buyer_other_gross_details` text NOT NULL,
  `co_buyer_ref_details` text NOT NULL,
  `flag` int(11) NOT NULL,
  KEY `id` (`id`)
) ENGINE=InnoDB DEFAULT CHARSET=latin1;

--
-- Dumping data for table `co_buyer`
--

INSERT INTO `co_buyer` (`id`, `created`, `co_buyer_personal_details`, `co_buyer_id_details`, `co_buyer_street_addr_details`, `co_buyer_mail_addr_details`, `co_buyer_rent_mort_details`, `co_buyer_prev_addr_details`, `co_buyer_curr_emp_details`, `co_buyer_curr_emp_addr_details`, `co_buyer_prev_emp_details`, `co_buyer_secondary_emp_details`, `co_buyer_other_gross_details`, `co_buyer_ref_details`, `flag`) VALUES
(27, '2018-12-10 10:26:51', '{\"co_buyer_first_name\":\"asdf\",\"co_buyer_middle_name\":\"asdf\",\"co_buyer_last_name\":\"asdf\",\"co_buyer_date_of_birth\":\"2015-09-07\",\"co_buyer_soc_sec_num\":\"werwer\",\"co_buyer_primary_phone_num\":\"234wer\",\"co_buyer_secondary_phone_num\":\"werwer\",\"co_buyer_email_address\":\"umar.bwn@gmail.com\"}', '{\"co_buyer_govt_id_type\":\"werwer\",\"co_buyer_govt_id_num\":\"werwer\",\"co_buyer_govt_id_issued_by\":\"werwer\",\"co_buyer_govt_id_issue_date\":\"2015-09-07\",\"co_buyer_govt_id_exp_date\":\"2015-10-08\"}', '{\"co_buyer_street_address\":\"sdfasdf\",\"co_buyer_apt_num\":\"kjasdf\",\"co_buyer_city\":\"klasjdf\",\"co_buyer_state\":\"KY\",\"co_buyer_zip_code\":\"23\",\"co_buyer_how_long_years\":\"3\",\"co_buyer_how_long_months\":\"6\"}', '{\"co_buyer_mailing_address\":\"asdfasf\",\"co_buyer_mail_apt_num\":\"asdfasdf\",\"co_buyer_mail_city\":\"asdfasdf\",\"co_buyer_mail_state\":\"AR\",\"co_buyer_mail_zip\":\"asdfasdf\"}', '{\"co_buyer_rent_or_mortgage\":\"asdfasdf\",\"co_buyer_landlord_mortgage\":\"asdfasdf\",\"co_buyer_residence_status\":\"Rent\",\"co_buyer_landlord_phone\":\"asfasdf\"}', '{\"co_buyer_prev_address\":\"asdfasdf\",\"co_buyer_prev_city\":\"sadfasdf\",\"co_buyer_prev_apt_num\":\"asdfasdf\",\"co_buyer_prev_state\":\"AZ\",\"co_buyer_prev_zip\":\"asdf\",\"co_buyer_prev_how_long_years\":\"2\",\"co_buyer_prev_how_long_months\":\"2\"}', '{\"co_buyer_current_emp\":\"asdf\",\"co_buyer_gros_mo_salary\":\"asdf\",\"co_buyer_work_phone\":\"asfasdf\",\"co_buyer_curr_emp_how_long\":null,\"co_buyer_curr_occ_job_title\":\"sadfasf\"}', '{\"co_buyer_curr_emp_address\":\"asfsdf\",\"co_buyer_curr_emp_city\":\"asdasdf\",\"co_buyer_curr_emp_state\":\"AZ\",\"co_buyer_curr_emp_zip\":\"sadfasf\",\"co_buyer_curr_emp_how_long_years\":\"2\",\"co_buyer_curr_emp_how_long_months\":\"1\"}', '{\"co_buyer_prev_emp\":\"asdfasdf\",\"co_buyer_prev_emp_gros_mo_sal\":\"asdfasdf\",\"co_buyer_prev_emp_full_addr\":\"asdfasdf\",\"co_buyer_prev_emp_phone\":\"asdfasf\"}', '{\"co_buyer_secondary_emp_name\":\"asdfasdf\",\"co_buyer_secondary_emp_addr\":\"asdfasfd\",\"co_buyer_secondary_emp_city\":\"asdfsdf\",\"co_buyer_secondary_emp_state\":\"AK\",\"co_buyer_secondary_emp_zip\":\"safasdf\",\"co_buyer_secondary_emp_gros_mo_sal\":\"asdfsdf\",\"co_buyer_secondary_emp_phone\":\"asdfasdf\",\"co_buyer_secondary_emp_how_long_years\":\"1\",\"co_buyer_secondary_emp_how_long_months\":\"2\",\"co_buyer_secondary_emp_occu_job_title\":\"sadfasf\"}', '{\"co_buyer_other_gross_mo_income\":\"1\",\"co_buyer_other_income_source\":\"sadfasdf\"}', '{\"co_buyer_reference\":\"asfasdf\",\"co_buyer_reference_phone\":\"asdfasdf\",\"co_buyer_reference_addr\":\"sadfasdf\",\"co_buyer_reference_relationship\":\"asdfasdf\",\"co_buyer_bank_reference\":\"1\"}', 0),
(28, '2018-12-10 16:18:52', '{\"co_buyer_first_name\":null,\"co_buyer_middle_name\":null,\"co_buyer_last_name\":null,\"co_buyer_date_of_birth\":null,\"co_buyer_soc_sec_num\":null,\"co_buyer_primary_phone_num\":null,\"co_buyer_secondary_phone_num\":null,\"co_buyer_email_address\":null}', '{\"co_buyer_govt_id_type\":null,\"co_buyer_govt_id_num\":null,\"co_buyer_govt_id_issued_by\":null,\"co_buyer_govt_id_issue_date\":null,\"co_buyer_govt_id_exp_date\":null}', '{\"co_buyer_street_address\":null,\"co_buyer_apt_num\":null,\"co_buyer_city\":null,\"co_buyer_state\":null,\"co_buyer_zip_code\":null,\"co_buyer_how_long_years\":null,\"co_buyer_how_long_months\":null}', '{\"co_buyer_mailing_address\":null,\"co_buyer_mail_apt_num\":null,\"co_buyer_mail_city\":null,\"co_buyer_mail_state\":null,\"co_buyer_mail_zip\":null}', '{\"co_buyer_rent_or_mortgage\":null,\"co_buyer_landlord_mortgage\":null,\"co_buyer_residence_status\":null,\"co_buyer_landlord_phone\":null}', '{\"co_buyer_prev_address\":null,\"co_buyer_prev_city\":null,\"co_buyer_prev_apt_num\":null,\"co_buyer_prev_state\":null,\"co_buyer_prev_zip\":null,\"co_buyer_prev_how_long_years\":null,\"co_buyer_prev_how_long_months\":null}', '{\"co_buyer_current_emp\":null,\"co_buyer_gros_mo_salary\":null,\"co_buyer_work_phone\":null,\"co_buyer_curr_emp_how_long\":null,\"co_buyer_curr_occ_job_title\":null}', '{\"co_buyer_curr_emp_address\":null,\"co_buyer_curr_emp_city\":null,\"co_buyer_curr_emp_state\":null,\"co_buyer_curr_emp_zip\":null,\"co_buyer_curr_emp_how_long_years\":null,\"co_buyer_curr_emp_how_long_months\":null}', '{\"co_buyer_prev_emp\":null,\"co_buyer_prev_emp_gros_mo_sal\":null,\"co_buyer_prev_emp_full_addr\":null,\"co_buyer_prev_emp_phone\":null}', '{\"co_buyer_secondary_emp_name\":null,\"co_buyer_secondary_emp_addr\":null,\"co_buyer_secondary_emp_city\":null,\"co_buyer_secondary_emp_state\":null,\"co_buyer_secondary_emp_zip\":null,\"co_buyer_secondary_emp_gros_mo_sal\":null,\"co_buyer_secondary_emp_phone\":null,\"co_buyer_secondary_emp_how_long_years\":null,\"co_buyer_secondary_emp_how_long_months\":null,\"co_buyer_secondary_emp_occu_job_title\":null}', '{\"co_buyer_other_gross_mo_income\":null,\"co_buyer_other_income_source\":null}', '{\"co_buyer_reference\":null,\"co_buyer_reference_phone\":null,\"co_buyer_reference_addr\":null,\"co_buyer_reference_relationship\":null,\"co_buyer_bank_reference\":null}', 0);

-- --------------------------------------------------------

--
-- Table structure for table `inventory`
--

DROP TABLE IF EXISTS `inventory`;
CREATE TABLE IF NOT EXISTS `inventory` (
  `id` int(11) NOT NULL AUTO_INCREMENT,
  `name` varchar(2000) NOT NULL,
  `year` year(4) NOT NULL,
  `make` varchar(200) NOT NULL,
  `trim` varchar(200) NOT NULL,
  `mileage` int(11) NOT NULL,
  `vin` varchar(200) NOT NULL,
  `trans` varchar(200) NOT NULL,
  `color` varchar(200) NOT NULL,
  `interior` varchar(200) NOT NULL,
  `vehicle_type` varchar(200) NOT NULL,
  `state` varchar(200) NOT NULL,
  `drive_train` varchar(200) NOT NULL,
  `engine` varchar(200) NOT NULL,
  `price` double NOT NULL,
  `uploaded_imgs` mediumtext NOT NULL,
  `inv_desc` longtext NOT NULL,
  `inv_options` longtext NOT NULL,
  `featured_img` text NOT NULL,
  PRIMARY KEY (`id`)
) ENGINE=MyISAM AUTO_INCREMENT=24 DEFAULT CHARSET=latin1;

--
-- Dumping data for table `inventory`
--

INSERT INTO `inventory` (`id`, `name`, `year`, `make`, `trim`, `mileage`, `vin`, `trans`, `color`, `interior`, `vehicle_type`, `state`, `drive_train`, `engine`, `price`, `uploaded_imgs`, `inv_desc`, `inv_options`, `featured_img`) VALUES
(16, '2011 Land Rover Range Rover HSE', 2011, 'Land Rover', 'Range Rover', 72960, 'SALMF1D4XBA349188', 'Automatic', 'White', 'Leather', 'SUV', 'FL', '4WD', '4.4L V8 DOHC 32V', 22227, '[\"636758186267396272.jpg\",\"636758186269427496.jpg\",\"636758186269896240.jpg\",\"636758186449268944.jpg\",\"636758186450050184.jpg\",\"636758187259883568.jpg\",\"636758187260352312.jpg\",\"636758187260821056.jpg\",\"636758187261289800.jpg\",\"636758187261758544.jpg\",\"636758187327070208.jpg\",\"636758187327695200.jpg\",\"636758187328163944.jpg\",\"636758187328788936.jpg\",\"636758187329413928.jpg\"]', '<p>Visit Plus Auto Sales Corp. online at www.plusautomiami.com to see more pictures of this vehicle or call us at 305-218-6618 today to schedule your test drive.</p>\r\n', '4x4\r\nFront Side Airbag\r\nPower Windows\r\nAir Conditioned Seats\r\nFront Side Airbag with Head Protection\r\nRain Sensing Wipers\r\nAir Conditioning\r\nFull Size Spare Tire\r\nRear Airbags\r\nAlloy Wheels\r\nHeated Exterior Mirror\r\nRear Defroster\r\nAM/FM\r\nHeated Steering Wheel\r\nRear Wiper\r\nAnti-Lock Brakes\r\nHigh Intensity Discharge Headlights\r\nRemote Ignition\r\nAutomatic Headlights\r\nInterval Wipers\r\nSecond Row Folding Seat\r\nAutomatic Load-Leveling\r\nKeyless Entry\r\nSecond Row Heated Seat\r\nAux Audio Jack\r\nLeather Seats\r\nSeparate Driver/Front Passenger Climate Controls\r\nBack Up Sonar\r\nLeather Steering Wheel\r\nSide Airbags\r\nCargo Area Cover\r\nLimited Slip Differential\r\nSide Head Curtain Airbag\r\nCargo Area Tiedowns\r\nLocking Differential\r\nSkid Plate\r\nCargo Net\r\nLuggage Rack\r\nSteering Wheel Mounted Controls\r\nCD Changer\r\nMemory Seats\r\nSubwoofer\r\nChild Safety Door Locks\r\nMP3 CD Player\r\nSun Roof\r\nCruise Control\r\nNavigation\r\nTachometer\r\nDriver Airbag\r\nOn-Star\r\nTelematics System\r\nDriver Multi-Adjustable Power Seat\r\nOwners Manual\r\nTelescopic Steering Column\r\nElectrochromic Interior Rearview Mirror\r\nPassenger Airbag\r\nTire Pressure Monitor\r\nElectronic Brake Assistance\r\nPassenger Multi-Adjustable Power Seat\r\nTraction Control\r\nElectronic Parking Aid\r\nPower Brakes\r\nTrip Computer\r\nFirst Aid Kit\r\nPower Locks\r\nTrunk Anti-Trap Device\r\nFog Lights\r\nPower Mirrors\r\nVehicle Stability Control System\r\nFront Air Dam\r\nPower Rear Shade\r\nVoice Activated Telephone\r\nFront Power Lumbar Support\r\nPower Seats\r\nWind Deflector for Convertibles\r\nFront Power Memory Seat\r\nPower Steering\r\nXenon Headlights', '\"636750476507333928.jpg\"'),
(17, '2009 Mercedes-Benz GL-Class GL550 4MATIC', 2009, 'Mercedes-Benz', 'GL-Class', 53336, '4JGBF86E19A484109', 'Automatic', 'Black', 'Leather', 'SUV', 'FL', 'AWD', '5.5L V8 DOHC 32V', 16995, '[\"636756348699863100.jpg\",\"636756348700306680.jpg\",\"636756348700667880.jpg\",\"636756348701029210.jpg\",\"636756348701384750.jpg\",\"636756348701739020.jpg\",\"636756348702096400.jpg\",\"636756348702453570.jpg\",\"636756348702808030.jpg\",\"636756348703162400.jpg\",\"636756348703513160.jpg\",\"636756348704220060.jpg\",\"636756348704573550.jpg\"]', '<p>Visit Plus Auto Sales Corp. online at www.plusautomiami.com to see more pictures of this vehicle or call us at 305-218-6618 today to schedule your test drive.</p>\r\n', '[\"4x4\",\"\\r\\nFront Power Memory Seat\",\"\\r\\nRear Wiper\",\"\\r\\nAdjustable Pedals\",\"\\r\\nFront Side Airbag\",\"\\r\\nRunning Boards\",\"\\r\\nAir Conditioned Seats\",\"\\r\\nHeated Exterior Mirror\",\"\\r\\nSecond Row Heated Seat\",\"\\r\\nAir Conditioning\",\"\\r\\nHeated Seats\",\"\\r\\nSecond Row Multi-Adjustable Power Seat\",\"\\r\\nAlarm System\",\"\\r\\nHigh Intensity Discharge Headlights\",\"\\r\\nSecond Row Side Airbag\",\"\\r\\nAlloy Wheels\",\"\\r\\nInterval Wipers\",\"\\r\\nSecond Row Side Airbag with Head Protection\",\"\\r\\nAM\\/FM\",\"\\r\\nKeyless Entry\",\"\\r\\nSecond Row Sound Controls\",\"\\r\\nAnti-Lock Brakes\",\"\\r\\nLeather Seats\",\"\\r\\nSeparate Driver\\/Front Passenger Climate Controls\",\"\\r\\nAutomatic Climate Control\",\"\\r\\nLeather Steering Wheel\",\"\\r\\nSide Airbags\",\"\\r\\nAutomatic Headlights\",\"\\r\\nLimited Slip Differential\",\"\\r\\nSide Head Curtain Airbag\",\"\\r\\nAutomatic Load-Leveling\",\"\\r\\nLocking Differential\",\"\\r\\nSkid Plate\",\"\\r\\nAux Audio Jack\",\"\\r\\nLocking Pickup Truck Tailgate\",\"\\r\\nSteel Wheels\",\"\\r\\nBack Up Sonar\",\"\\r\\nLuggage Rack\",\"\\r\\nSteering Wheel Mounted Controls\",\"\\r\\nBackup Camera\",\"\\r\\nMemory Seats\",\"\\r\\nSubwoofer\",\"\\r\\nBluetooth\",\"\\r\\nMP3 CD Player\",\"\\r\\nSun Roof\",\"\\r\\nCargo Area Cover\",\"\\r\\nNavigation\",\"\\r\\nSuper Sport\",\"\\r\\nCargo Area Tiedowns\",\"\\r\\nOn-Star\",\"\\r\\nTachometer\",\"\\r\\nCargo Net\",\"\\r\\nOwners Manual\",\"\\r\\nTelematics System\",\"\\r\\nCD Changer\",\"\\r\\nPassenger Airbag\",\"\\r\\nTelescopic Steering Column\",\"\\r\\nChild Safety Door Locks\",\"\\r\\nPassenger Multi-Adjustable Power Seat\",\"\\r\\nThird Row Removable Seat\",\"\\r\\nCruise Control\",\"\\r\\nPower Brakes\",\"\\r\\nThird Row Seat\",\"\\r\\nDaytime Running Lights\",\"\\r\\nPower Locks\",\"\\r\\nTilt Wheel\",\"\\r\\nDriver Airbag\",\"\\r\\nPower Mirrors\",\"\\r\\nTinted Windows\",\"\\r\\nDriver Multi-Adjustable Power Seat\",\"\\r\\nPower Seats\",\"\\r\\nTire Pressure Monitor\",\"\\r\\nElectrochromic Exterior Rearview Mirror\",\"\\r\\nPower Steering\",\"\\r\\nTow Package\",\"\\r\\nElectrochromic Interior Rearview Mirror\",\"\\r\\nPower Tailgate\",\"\\r\\nTraction Control\",\"\\r\\nElectronic Brake Assistance\",\"\\r\\nPower Trunk Lid\",\"\\r\\nTrip Computer\",\"\\r\\nElectronic Parking Aid\",\"\\r\\nPower Windows\",\"\\r\\nVehicle Stability Control System\",\"\\r\\nFirst Aid Kit\",\"\\r\\nRain Sensing Wipers\",\"\\r\\nVoice Activated Telephone\",\"\\r\\nFog Lights\",\"\\r\\nRear Airbags\",\"\\r\\nWoodgrain\",\"\\r\\nFront Air Dam\",\"\\r\\nRear Defroster\",\"\\r\\nXenon Headlights\",\"\\r\\nFront Power Lumbar Support\"]', ''),
(18, '2012 Dodge Challenger SXT', 2012, 'Dodge', 'Challenger', 92653, '2C3CDYAG4CH196122', 'Automatic', 'White', 'Cloth', 'Coupe', 'FL', '2WD', '3.6L V6 DOHC 24V', 12659, '[\"636750474576264896.jpg\",\"636750474578139872.jpg\",\"636750474578608616.jpg\",\"636750474578921112.jpg\",\"636750474579233608.jpg\",\"636750474614233160.jpg\",\"636750474614858152.jpg\",\"636750476506865184.jpg\",\"636750476507333928.jpg\"]', '<p>Visit Plus Auto Sales Corp. online at www.plusautomiami.com to see more pictures of this vehicle or call us at 305-218-6618 today to schedule your test drive.</p>\r\n', '[\"Air Conditioning\",\"\\r\\nFront Power Lumbar Support\",\"\\r\\nPower Steering\",\"\\r\\nAlarm System\",\"\\r\\nFront Side Airbag\",\"\\r\\nPower Windows\",\"\\r\\nAlloy Wheels\",\"\\r\\nInterval Wipers\",\"\\r\\nRear Defroster\",\"\\r\\nAnti-Lock Brakes\",\"\\r\\nKeyless Entry\",\"\\r\\nSide Head Curtain Airbag\",\"\\r\\nAutomatic Climate Control\",\"\\r\\nLeather Steering Wheel\",\"\\r\\nSteering Wheel Mounted Controls\",\"\\r\\nAux Audio Jack\",\"\\r\\nMP3 CD Player\\t\",\"\\r\\nTachometer\",\"\\r\\nCD\",\"\\r\\nNavigation\",\"\\r\\nTelescopic Steering Column\",\"\\r\\nCruise Control\",\"\\r\\nOn-Star\",\"\\r\\nTinted Windows\",\"\\r\\nDriver Airbag\",\"\\r\\nOwners Manual\",\"\\r\\nTire Pressure Monitor\",\"\\r\\nDriver Multi-Adjustable Power Seat\",\"\\r\\nPassenger Airbag\",\"\\r\\nTraction Control\",\"\\r\\nElectronic Brake Assistance\",\"\\r\\nPower Brakes\",\"\\r\\nTrip Computer\",\"\\r\\nFirst Aid Kit\",\"\\r\\nPower Locks\",\"\\r\\nTrunk Anti-Trap Device\",\"\\r\\nFog Lights\",\"\\r\\nPower Mirrors\",\"\\r\\nVehicle Stability Control System\",\"\\r\\nFront Air Dam\",\"\\r\\nPower Seats\",\"\\r\\nXenon Headlights\"]', ''),
(19, ' 2010 Mercedes-Benz E-Class E350 Sedan 4MATIC', 2010, 'Mercedes-Benz', 'E-Class', 98137, 'WDDHF8HB8AA259990', 'Automatic', 'Black', 'Leather', 'Sedan', 'FL', '2WD', '3.5L V6 DOHC 24V', 10500, '[\"636767604566034979.jpg\",\"636767604568529459.jpg\",\"636767604568997174.jpg\",\"636767604569620794.jpg\",\"636767604570244414.jpg\",\"636767604643519764.jpg\",\"636767604644143384.jpg\",\"636767604644767004.jpg\",\"636767604645390624.jpg\",\"636767604702295949.jpg\",\"636767604702763664.jpg\",\"636767604703387284.jpg\",\"636767604704010904.jpg\"]', '<p>Visit Plus Auto Sales Corp. online at www.plusautomiami.com to see more pictures of this vehicle or call us at 305-218-6618 today to schedule your test drive.</p>\r\n', '[\"Air Conditioning\",\"\\r\\nFront Air Dam\",\"\\r\\nPower Steering\",\"\\r\\nAlarm System\",\"\\r\\nFront Power Lumbar Support\",\"\\r\\nPower Windows\",\"\\r\\nAlloy Wheels\",\"\\r\\nFront Power Memory Seat\",\"\\r\\nRain Sensing Wipers\",\"\\r\\nAM\\/FM\",\"\\r\\nFront Side Airbag\",\"\\r\\nSeparate Driver\\/Front Passenger Climate Controls\",\"\\r\\nAnti-Lock Brakes\",\"\\r\\nHeated Exterior Mirror\",\"\\r\\nSide Head Curtain Airbag\",\"\\r\\nAutomatic Headlights\",\"\\r\\nInterval Wipers\",\"\\r\\nSteering Wheel Mounted Controls\",\"\\r\\nCD Changer\",\"\\r\\nKeyless Entry\",\"\\r\\nTachometer\",\"\\r\\nCruise Control\",\"\\r\\nLeather Steering Wheel\",\"\\r\\nTelematics System\",\"\\r\\nDaytime Running Lights\",\"\\r\\nOwners Manual\",\"\\r\\nTelescopic Steering Column\",\"\\r\\nDriver Airbag\",\"\\r\\nPassenger Airbag\",\"\\r\\nTire Pressure Monitor\",\"\\r\\nDriver Multi-Adjustable Power Seat\",\"\\r\\nPassenger Multi-Adjustable Power Seat\",\"\\r\\nTraction Control\",\"\\r\\nElectrochromic Exterior Rearview Mirror\",\"\\r\\nPower Brakes\",\"\\r\\nTrip Computer\",\"\\r\\nElectrochromic Interior Rearview Mirror\",\"\\r\\nPower Locks\",\"\\r\\nTrunk Anti-Trap Device\",\"\\r\\nElectronic Brake Assistance\",\"\\r\\nPower Mirrors\",\"\\r\\nVehicle Stability Control System\",\"\\r\\nFog Lights\",\"\\r\\nPower Seats\"]', ''),
(20, '2010 Mercedes-Benz C-Class C300 Luxury Sedan', 2010, 'Mercedes-Benz', 'C-Class', 69907, 'WDDGF5EB0AR124132', 'Automatic', 'Gray', 'Leather', 'Sedan', 'FL', '2WD', '3.0L V6 DOHC 24V', 9500, '[\"636770987097299604.png\",\"636770987099643324.jpg\",\"636770987100112068.jpg\",\"636770987100737060.jpg\",\"636770987101205804.jpg\",\"636770987235891580.jpg\",\"636770987236360324.jpg\",\"636770987236829068.jpg\",\"636770987237297812.jpg\",\"636770987237766556.jpg\",\"636770987272766108.jpg\"]', '<p>Visit Plus Auto Sales Corp. online at www.plusautomiami.com to see more pictures of this vehicle or call us at 305-218-6618 today to schedule your test drive.</p>\r\n', '[\"Air Conditioning\",\"\\r\\nFront Air Dam\",\"\\r\\nPower Windows\",\"\\r\\nAlarm System\",\"\\r\\nFront Side Airbag\",\"\\r\\nSeparate Driver\\/Front Passenger Climate Controls\",\"\\r\\nAlloy Wheels\",\"\\r\\nHeated Exterior Mirror\",\"\\r\\nSide Head Curtain Airbag\",\"\\r\\nAM\\/FM\",\"\\r\\nInterval Wipers\",\"\\r\\nSteering Wheel Mounted Controls\",\"\\r\\nAnti-Lock Brakes\",\"\\r\\nKeyless Entry\",\"\\r\\nSun Roof\",\"\\r\\nAutomatic Headlights\",\"\\r\\nLeather Seats\",\"\\r\\nTachometer\",\"\\r\\nCargo Area Tiedowns\",\"\\r\\nLeather Steering Wheel\",\"\\r\\nTelescopic Steering Column\",\"\\r\\nChild Safety Door Locks\",\"\\r\\nPassenger Airbag\",\"\\r\\nTilt Wheel\",\"\\r\\nCruise Control\",\"\\r\\nPassenger Multi-Adjustable Power Seat\",\"\\r\\nTinted Windows\",\"\\r\\nDaytime Running Lights\",\"\\r\\nPower Brakes\",\"\\r\\nTire Pressure Monitor\",\"\\r\\nDriver Airbag\",\"\\r\\nPower Locks\",\"\\r\\nTraction Control\",\"\\r\\nDriver Multi-Adjustable Power Seat\",\"\\r\\nPower Mirrors\",\"\\r\\nTrip Computer\",\"\\r\\nElectronic Brake Assistance\",\"\\r\\nPower Seats\",\"\\r\\nTrunk Anti-Trap Device\",\"\\r\\nFog Lights\",\"\\r\\nPower Steering\",\"\\r\\nVehicle Stability Control System\"]', ''),
(21, '2010 Infiniti G Coupe G37', 2010, 'Infiniti', 'G Coupe', 78740, 'JN1CV6EK5AM103715', 'Automatic', 'Gray', 'Leather', 'Coupe', 'FL', '2WD', '3.7L V6 DOHC 24V', 8500, '[\"636753925580208341.jpg\",\"636753925582392355.jpg\",\"636753925583016359.jpg\",\"636753925583796364.jpg\",\"636753925584576369.jpg\",\"636753925661640863.jpg\",\"636753925662576869.jpg\"]', '<p>Visit Plus Auto Sales Corp. online at www.plusautomiami.com to see more pictures of this vehicle or call us at 305-218-6618 today to schedule your test drive.</p>\r\n', '[\"Air Conditioned Seats\",\"\\r\\nFog Lights\",\"\\r\\nPower Trunk Lid\",\"\\r\\nAir Conditioning\",\"\\r\\nFront Air Dam\",\"\\r\\nPower Windows\",\"\\r\\nAlarm System\",\"\\r\\nFront Side Airbag\",\"\\r\\nRain Sensing Wipers\",\"\\r\\nAlloy Wheels\",\"\\r\\nFull Size Spare Tire\",\"\\r\\nRear Air\",\"\\r\\nAM\\/FM\",\"\\r\\nHeated Seats\",\"\\r\\nRear Airbags\",\"\\r\\nAnti-Lock Brakes\",\"\\r\\nHigh Intensity Discharge Headlights\",\"\\r\\nRear Defroster\",\"\\r\\nAutomatic Climate Control\",\"\\r\\nInterval Wipers\",\"\\r\\nRemote Ignition\",\"\\r\\nAutomatic Headlights\",\"\\r\\nKeyless Entry\",\"\\r\\nRun Flat Tires\",\"\\r\\nAux Audio Jack\",\"\\r\\nLeather Seats\",\"\\r\\nSecond Row Folding Seat\",\"\\r\\nBack Up Sonar\",\"\\r\\nLeather Steering Wheel\",\"\\r\\nSide Head Curtain Airbag\",\"\\r\\nBackup Camera\",\"\\r\\nLocking Differential\",\"\\r\\nSteering Wheel Mounted Controls\",\"\\r\\nBluetooth\",\"\\r\\nMemory Seats\",\"\\r\\nSuper Sport\",\"\\r\\nBucket Seats\",\"\\r\\nMP3 CD Player\",\"\\r\\nTachometer\",\"\\r\\nCargo Area Tiedowns\",\"\\r\\nOn-Star\",\"\\r\\nTelescopic Steering Column\",\"\\r\\nCargo Net\",\"\\r\\nOwners Manual\",\"\\r\\nTinted Windows\",\"\\r\\nCD\",\"\\r\\nPassenger Airbag\",\"\\r\\nTire Pressure Monitor\",\"\\r\\nCruise Control\",\"\\r\\nPassenger Multi-Adjustable Power Seat\",\"\\r\\nTraction Control\",\"\\r\\nDaytime Running Lights\",\"\\r\\nPower Brakes\",\"\\r\\nTrip Computer\",\"\\r\\nDriver Airbag\",\"\\r\\nPower Locks\",\"\\r\\nTrunk Anti-Trap Device\",\"\\r\\nDriver Multi-Adjustable Power Seat\",\"\\r\\nPower Mirrors\",\"\\r\\nVehicle Stability Control System\",\"\\r\\nElectronic Brake Assistance\",\"\\r\\nPower Seats\",\"\\r\\nVoice Activated Telephone\",\"\\r\\nFirst Aid Kit\",\"\\r\\nPower Steering\",\"\\r\\nXenon Headlights\"]', ''),
(22, '2009 BMW X5 xDrive30i', 2009, 'BMW', 'X5', 130542, '5UXFE43549L274662', 'Automatic', 'Black', 'Leather', 'SUV', 'FL', '4WD', '3.0L L6 DOHC 24V', 7995, '[\"636740150594725072.jpg\",\"636740150595349072.jpg\",\"636740150596441072.jpg\",\"636740150685829072.jpg\",\"636740150686609072.jpg\",\"636740150687077072.png\",\"636740150687857072.jpg\",\"636740150688637072.jpg\",\"636740150737153072.jpg\",\"636740150738401072.jpg\",\"636740150739025072.jpg\"]', '<p>Visit Plus Auto Sales Corp. online at www.plusautomiami.com to see more pictures of this vehicle or call us at 305-218-6618 today to schedule your test drive.</p>\r\n', '\"4x4\\r\\nHigh Intensity Discharge Headlights\\r\\nRear Air\\r\\nAir Conditioning\\r\\nInterval Wipers\\r\\nRear Airbags\\r\\nAlarm System\\r\\nKeyless Entry\\r\\nRear Defroster\\r\\nAlloy Wheels\\r\\nLeather Seats\\r\\nRear Spoiler\\r\\nAM\\/FM\\r\\nLeather Steering Wheel\\r\\nRear Wiper\\r\\nAnti-Lock Brakes\\r\\nLocking Differential\\r\\nRemote Ignition\\r\\nAutomatic Climate Control\\r\\nLocking Pickup Truck Tailgate\\r\\nRun Flat Tires\\r\\nAutomatic Headlights\\r\\nLuggage Rack\\r\\nRunning Boards\\r\\nAutomatic Load-Leveling\\r\\nMemory Seats\\r\\nSecond Row Folding Seat\\r\\nBackup Camera\\r\\nMP3 CD Player\\r\\nSecond Row Side Airbag\\r\\nCargo Area Cover\\r\\nNavigation\\r\\nSeparate Driver\\/Front Passenger Climate Controls\\r\\nCargo Area Tiedowns\\r\\nOn-Star\\r\\nSide Airbags\\r\\nCD\\r\\nOwners Manual\\r\\nSide Head Curtain Airbag\\r\\nCruise Control\\r\\nPassenger Airbag\\r\\nSteel Wheels\\r\\nDaytime Running Lights\\r\\nPassenger Multi-Adjustable Power Seat\\r\\nSteering Wheel Mounted Controls\\r\\nDriver Airbag\\r\\nPower Brakes\\r\\nSubwoofer\\r\\nDriver Multi-Adjustable Power Seat\\r\\nPower Locks\\r\\nSun Roof\\r\\nElectronic Brake Assistance\\r\\nPower Mirrors\\r\\nSuper Sport\\r\\nExtra Keys\\r\\nPower Seats\\r\\nTachometer\\r\\nFirst Aid Kit\\r\\nPower Steering\\r\\nTelescopic Steering Column\\r\\nFog Lights\\r\\nPower Tailgate\\r\\nTire Pressure Monitor\\r\\nFront Air Dam\\r\\nPower Trunk Lid\\r\\nTraction Control\\r\\nFront Power Memory Seat\\r\\nPower Windows\\r\\nVehicle Stability Control System\\r\\nFront Side Airbag\\r\\nRain Sensing Wipers\\r\\nXenon Headlights\"', '');

-- --------------------------------------------------------

--
-- Table structure for table `slider`
--

DROP TABLE IF EXISTS `slider`;
CREATE TABLE IF NOT EXISTS `slider` (
  `id` int(11) NOT NULL AUTO_INCREMENT,
  `img_path` text NOT NULL,
  `slide_link` text NOT NULL,
  `title` varchar(500) NOT NULL,
  PRIMARY KEY (`id`)
) ENGINE=MyISAM AUTO_INCREMENT=10 DEFAULT CHARSET=latin1;

--
-- Dumping data for table `slider`
--

INSERT INTO `slider` (`id`, `img_path`, `slide_link`, `title`) VALUES
(6, 'slider2.png', '', ' 2014 Lexus GX 460 $89999 '),
(5, 'slider1.png', '', ' 2014 Mercedes-Benz GLK-Class $89999 '),
(7, 'slider3.png', '', ' 2014 Lexus LF-NX Hybrid $89999 '),
(8, 'slider4.png', '', '2014 CADILLAC ESCALADE $149999'),
(9, 'slider5.png', '', '2014 LEXUS IS 350 F SPORT $49999');

-- --------------------------------------------------------

--
-- Table structure for table `users`
--

DROP TABLE IF EXISTS `users`;
CREATE TABLE IF NOT EXISTS `users` (
  `id` int(11) NOT NULL AUTO_INCREMENT,
  `username` varchar(200) NOT NULL,
  `password` varchar(1500) NOT NULL,
  `email` varchar(2000) NOT NULL,
  PRIMARY KEY (`id`)
) ENGINE=MyISAM AUTO_INCREMENT=2 DEFAULT CHARSET=latin1;

--
-- Dumping data for table `users`
--

INSERT INTO `users` (`id`, `username`, `password`, `email`) VALUES
(1, 'admin', 'welcome', 'admin@yourdomain.com');

--
-- Constraints for dumped tables
--

--
-- Constraints for table `co_buyer`
--
ALTER TABLE `co_buyer`
  ADD CONSTRAINT `co_buyer_ibfk_1` FOREIGN KEY (`id`) REFERENCES `applicants` (`id`);
--
-- Database: `pmanager`
--
CREATE DATABASE IF NOT EXISTS `pmanager` DEFAULT CHARACTER SET latin1 COLLATE latin1_swedish_ci;
USE `pmanager`;
--
-- Database: `rajamt_mhsys`
--
CREATE DATABASE IF NOT EXISTS `rajamt_mhsys` DEFAULT CHARACTER SET latin1 COLLATE latin1_swedish_ci;
USE `rajamt_mhsys`;

-- --------------------------------------------------------

--
-- Table structure for table `pm_activity`
--

DROP TABLE IF EXISTS `pm_activity`;
CREATE TABLE IF NOT EXISTS `pm_activity` (
  `id` int(11) NOT NULL AUTO_INCREMENT,
  `lang` int(11) NOT NULL,
  `hotels` varchar(250) DEFAULT NULL,
  `users` text,
  `max_children` int(11) DEFAULT '1',
  `max_adults` int(11) DEFAULT '1',
  `max_people` int(11) DEFAULT NULL,
  `title` varchar(250) DEFAULT NULL,
  `subtitle` varchar(250) DEFAULT NULL,
  `alias` varchar(100) DEFAULT NULL,
  `descr` longtext,
  `duration` float DEFAULT '0',
  `duration_unit` varchar(50) DEFAULT NULL,
  `price` double DEFAULT '0',
  `lat` double DEFAULT NULL,
  `lng` double DEFAULT NULL,
  `home` int(11) DEFAULT '0',
  `checked` int(11) DEFAULT '0',
  `rank` int(11) DEFAULT '0',
  PRIMARY KEY (`id`,`lang`),
  KEY `activity_lang_fkey` (`lang`)
) ENGINE=InnoDB DEFAULT CHARSET=utf8;

-- --------------------------------------------------------

--
-- Table structure for table `pm_activity_file`
--

DROP TABLE IF EXISTS `pm_activity_file`;
CREATE TABLE IF NOT EXISTS `pm_activity_file` (
  `id` int(11) NOT NULL AUTO_INCREMENT,
  `lang` int(11) NOT NULL,
  `id_item` int(11) NOT NULL,
  `home` int(11) DEFAULT '0',
  `checked` int(11) DEFAULT '1',
  `rank` int(11) DEFAULT '0',
  `file` varchar(250) DEFAULT NULL,
  `label` varchar(250) DEFAULT NULL,
  `type` varchar(20) DEFAULT NULL,
  PRIMARY KEY (`id`,`lang`),
  KEY `activity_file_fkey` (`id_item`,`lang`),
  KEY `activity_file_lang_fkey` (`lang`)
) ENGINE=InnoDB DEFAULT CHARSET=utf8;

-- --------------------------------------------------------

--
-- Table structure for table `pm_activity_session`
--

DROP TABLE IF EXISTS `pm_activity_session`;
CREATE TABLE IF NOT EXISTS `pm_activity_session` (
  `id` int(11) NOT NULL AUTO_INCREMENT,
  `id_activity` int(11) NOT NULL,
  `days` varchar(20) DEFAULT NULL,
  `start_date` int(11) DEFAULT NULL,
  `end_date` int(11) DEFAULT NULL,
  `users` text,
  `price` double DEFAULT '0',
  `price_child` double DEFAULT '0',
  `discount` double DEFAULT '0',
  `discount_type` varchar(10) DEFAULT NULL,
  `id_tax` int(11) DEFAULT NULL,
  `taxes` text,
  PRIMARY KEY (`id`),
  KEY `activity_session_fkey` (`id_activity`)
) ENGINE=InnoDB DEFAULT CHARSET=utf8;

-- --------------------------------------------------------

--
-- Table structure for table `pm_activity_session_hour`
--

DROP TABLE IF EXISTS `pm_activity_session_hour`;
CREATE TABLE IF NOT EXISTS `pm_activity_session_hour` (
  `id` int(11) NOT NULL AUTO_INCREMENT,
  `id_activity_session` int(11) NOT NULL,
  `start_h` int(11) DEFAULT NULL,
  `start_m` int(11) DEFAULT NULL,
  PRIMARY KEY (`id`),
  KEY `activity_session_hour_fkey` (`id_activity_session`)
) ENGINE=InnoDB DEFAULT CHARSET=utf8;

-- --------------------------------------------------------

--
-- Table structure for table `pm_article`
--

DROP TABLE IF EXISTS `pm_article`;
CREATE TABLE IF NOT EXISTS `pm_article` (
  `id` int(11) NOT NULL AUTO_INCREMENT,
  `lang` int(11) NOT NULL,
  `title` varchar(250) DEFAULT NULL,
  `subtitle` varchar(250) DEFAULT NULL,
  `alias` varchar(100) DEFAULT NULL,
  `text` longtext,
  `url` varchar(250) DEFAULT NULL,
  `tags` varchar(250) DEFAULT NULL,
  `id_page` int(11) DEFAULT NULL,
  `users` text,
  `home` int(11) DEFAULT '0',
  `checked` int(11) DEFAULT '0',
  `rank` int(11) DEFAULT '0',
  `add_date` int(11) DEFAULT NULL,
  `edit_date` int(11) DEFAULT NULL,
  `publish_date` int(11) DEFAULT NULL,
  `unpublish_date` int(11) DEFAULT NULL,
  `comment` int(11) DEFAULT '0',
  `rating` int(11) DEFAULT '0',
  PRIMARY KEY (`id`,`lang`),
  KEY `article_lang_fkey` (`lang`),
  KEY `article_page_fkey` (`id_page`,`lang`)
) ENGINE=InnoDB AUTO_INCREMENT=5 DEFAULT CHARSET=utf8;

--
-- Dumping data for table `pm_article`
--

INSERT INTO `pm_article` (`id`, `lang`, `title`, `subtitle`, `alias`, `text`, `url`, `tags`, `id_page`, `users`, `home`, `checked`, `rank`, `add_date`, `edit_date`, `publish_date`, `unpublish_date`, `comment`, `rating`) VALUES
(1, 1, 'Plongez dans des eaux inconnues !', '', 'plongee', '', '', '', 5, '1', 1, 1, 1, 1545101579, 1545101579, NULL, NULL, 1, 0),
(1, 2, 'Dive into unknown waters!', '', 'scuba-diving', '<p>Lorem ipsum dolor sit amet consectetur adipiscing elit. Nullam molestie, nunc eu consequat varius, nisi metus iaculis nulla, nec ornare odio leo quis eros. Donec gravida eget velit eget pulvinar. Phasellus eget est quis est faucibus condimentum. Morbi tellus turpis, posuere vel tincidunt non, varius ac ante. Suspendisse in sem neque. Donec et faucibus justo. Nulla vitae nisl lacus. Fusce tincidunt quam nec vestibulum vestibulum. Vivamus vulputate, nunc non ullamcorper mattis, nunc orci imperdiet nulla, at laoreet ipsum nisl non leo. Aenean dapibus aliquet sem, ut lacinia magna mattis in.</p>\r\n\r\n<p>Class aptent taciti sociosqu ad litora torquent per conubia nostra, per inceptos himenaeos. Curabitur tempor arcu eu sapien ullamcorper sodales. Aenean eu massa in ante commodo scelerisque vitae sed sapien. Aenean eu dictum arcu. Mauris ultricies dolor eu molestie egestas.<br />\r\nProin feugiat, nunc at pellentesque fringilla, ex purus efficitur dolor, ac pretium odio lacus id leo. Vestibulum ante ipsum primis in faucibus orci luctus et ultrices posuere cubilia Curae; Suspendisse eu ipsum viverra dolor tempus vehicula eu eu risus. Praesent rutrum dapibus odio, nec accumsan justo fermentum in. Ut quis neque a ante facilisis bibendum.</p>\r\n', '', '', 5, '1', 1, 1, 1, 1545101579, 1545101579, NULL, NULL, 1, 0),
(1, 3, 'Dive into unknown waters!', '', 'scuba-diving', '', '', '', 5, '1', 1, 1, 1, 1545101579, 1545101579, NULL, NULL, 1, 0),
(4, 1, 'Premire gallery', '', 'premiere-gallery', '', '', '', 7, '1', 0, 1, 4, 1545101579, 1545101579, NULL, NULL, 0, 0),
(4, 2, 'First gallery', '', 'first-gallery', '', '', '', 7, '1', 0, 1, 4, 1545101579, 1545101579, NULL, NULL, 0, 0),
(4, 3, 'First gallery', '', 'first-gallery', '', '', '', 7, '1', 0, 1, 4, 1545101579, 1545101579, NULL, NULL, 0, 0);

-- --------------------------------------------------------

--
-- Table structure for table `pm_article_file`
--

DROP TABLE IF EXISTS `pm_article_file`;
CREATE TABLE IF NOT EXISTS `pm_article_file` (
  `id` int(11) NOT NULL AUTO_INCREMENT,
  `lang` int(11) NOT NULL,
  `id_item` int(11) NOT NULL,
  `home` int(11) DEFAULT '0',
  `checked` int(11) DEFAULT '1',
  `rank` int(11) DEFAULT '0',
  `file` varchar(250) DEFAULT NULL,
  `label` varchar(250) DEFAULT NULL,
  `type` varchar(20) DEFAULT NULL,
  PRIMARY KEY (`id`,`lang`),
  KEY `article_file_fkey` (`id_item`,`lang`),
  KEY `article_file_lang_fkey` (`lang`)
) ENGINE=InnoDB AUTO_INCREMENT=6 DEFAULT CHARSET=utf8;

--
-- Dumping data for table `pm_article_file`
--

INSERT INTO `pm_article_file` (`id`, `lang`, `id_item`, `home`, `checked`, `rank`, `file`, `label`, `type`) VALUES
(4, 1, 4, 0, 1, 4, 'sample4.jpg', '', 'image'),
(4, 2, 4, 0, 1, 4, 'sample4.jpg', '', 'image'),
(4, 3, 4, 0, 1, 4, 'sample4.jpg', '', 'image'),
(5, 1, 1, 0, 1, 5, 'diving.jpg', '', 'image'),
(5, 2, 1, 0, 1, 5, 'diving.jpg', '', 'image'),
(5, 3, 1, 0, 1, 5, 'diving.jpg', '', 'image');

-- --------------------------------------------------------

--
-- Table structure for table `pm_booking`
--

DROP TABLE IF EXISTS `pm_booking`;
CREATE TABLE IF NOT EXISTS `pm_booking` (
  `id` int(11) NOT NULL AUTO_INCREMENT,
  `id_hotel` int(11) NOT NULL,
  `add_date` int(11) DEFAULT NULL,
  `edit_date` int(11) DEFAULT NULL,
  `from_date` int(11) DEFAULT NULL,
  `to_date` int(11) DEFAULT NULL,
  `nights` int(11) DEFAULT '1',
  `adults` int(11) DEFAULT '1',
  `children` int(11) DEFAULT '1',
  `amount` float DEFAULT NULL,
  `tourist_tax` float DEFAULT NULL,
  `discount` float DEFAULT NULL,
  `total` float DEFAULT NULL,
  `down_payment` float DEFAULT NULL,
  `extra_services` text,
  `id_user` int(11) DEFAULT NULL,
  `firstname` varchar(50) DEFAULT NULL,
  `lastname` varchar(50) DEFAULT NULL,
  `email` varchar(100) DEFAULT NULL,
  `company` varchar(50) DEFAULT NULL,
  `address` varchar(250) DEFAULT NULL,
  `postcode` varchar(10) DEFAULT NULL,
  `city` varchar(100) DEFAULT NULL,
  `phone` varchar(50) DEFAULT NULL,
  `mobile` varchar(50) DEFAULT NULL,
  `country` varchar(100) NOT NULL,
  `comments` text,
  `status` int(11) DEFAULT '1',
  `trans` varchar(50) DEFAULT NULL,
  `payment_date` int(11) DEFAULT NULL,
  `payment_method` varchar(250) DEFAULT NULL,
  `users` text,
  PRIMARY KEY (`id`)
) ENGINE=InnoDB DEFAULT CHARSET=utf8;

-- --------------------------------------------------------

--
-- Table structure for table `pm_booking_activity`
--

DROP TABLE IF EXISTS `pm_booking_activity`;
CREATE TABLE IF NOT EXISTS `pm_booking_activity` (
  `id` int(11) NOT NULL AUTO_INCREMENT,
  `id_booking` int(11) NOT NULL,
  `id_activity` int(11) NOT NULL,
  `title` varchar(250) DEFAULT NULL,
  `children` int(11) DEFAULT '0',
  `adults` int(11) DEFAULT '0',
  `duration` varchar(50) DEFAULT NULL,
  `amount` double DEFAULT '0',
  `date` int(11) DEFAULT NULL,
  PRIMARY KEY (`id`),
  KEY `booking_activity_fkey` (`id_booking`)
) ENGINE=InnoDB DEFAULT CHARSET=utf8;

-- --------------------------------------------------------

--
-- Table structure for table `pm_booking_room`
--

DROP TABLE IF EXISTS `pm_booking_room`;
CREATE TABLE IF NOT EXISTS `pm_booking_room` (
  `id` int(11) NOT NULL AUTO_INCREMENT,
  `id_booking` int(11) NOT NULL,
  `id_room` int(11) DEFAULT NULL,
  `id_hotel` int(11) DEFAULT NULL,
  `title` varchar(250) DEFAULT NULL,
  `num` varchar(10) DEFAULT NULL,
  `children` int(11) DEFAULT '0',
  `adults` int(11) DEFAULT '0',
  `amount` double DEFAULT '0',
  PRIMARY KEY (`id`),
  KEY `booking_room_fkey` (`id_booking`)
) ENGINE=InnoDB DEFAULT CHARSET=utf8;

-- --------------------------------------------------------

--
-- Table structure for table `pm_booking_service`
--

DROP TABLE IF EXISTS `pm_booking_service`;
CREATE TABLE IF NOT EXISTS `pm_booking_service` (
  `id` int(11) NOT NULL AUTO_INCREMENT,
  `id_booking` int(11) NOT NULL,
  `id_service` int(11) DEFAULT NULL,
  `title` varchar(250) DEFAULT NULL,
  `qty` int(11) DEFAULT '0',
  `amount` double DEFAULT '0',
  PRIMARY KEY (`id`),
  KEY `booking_service_fkey` (`id_booking`)
) ENGINE=InnoDB DEFAULT CHARSET=utf8;

-- --------------------------------------------------------

--
-- Table structure for table `pm_booking_tax`
--

DROP TABLE IF EXISTS `pm_booking_tax`;
CREATE TABLE IF NOT EXISTS `pm_booking_tax` (
  `id` int(11) NOT NULL AUTO_INCREMENT,
  `id_booking` int(11) NOT NULL,
  `id_tax` int(11) DEFAULT NULL,
  `name` varchar(50) DEFAULT NULL,
  `amount` double DEFAULT '0',
  PRIMARY KEY (`id`),
  KEY `booking_tax_fkey` (`id_booking`)
) ENGINE=InnoDB DEFAULT CHARSET=utf8;

-- --------------------------------------------------------

--
-- Table structure for table `pm_categories`
--

DROP TABLE IF EXISTS `pm_categories`;
CREATE TABLE IF NOT EXISTS `pm_categories` (
  `id` int(11) NOT NULL AUTO_INCREMENT,
  PRIMARY KEY (`id`)
) ENGINE=MyISAM DEFAULT CHARSET=latin1;

-- --------------------------------------------------------

--
-- Table structure for table `pm_comment`
--

DROP TABLE IF EXISTS `pm_comment`;
CREATE TABLE IF NOT EXISTS `pm_comment` (
  `id` int(11) NOT NULL AUTO_INCREMENT,
  `item_type` varchar(30) DEFAULT NULL,
  `id_item` int(11) DEFAULT NULL,
  `rating` int(11) DEFAULT NULL,
  `checked` int(11) DEFAULT '0',
  `add_date` int(11) DEFAULT NULL,
  `edit_date` int(11) DEFAULT NULL,
  `name` varchar(100) DEFAULT NULL,
  `email` varchar(100) DEFAULT NULL,
  `msg` longtext,
  `ip` varchar(50) DEFAULT NULL,
  PRIMARY KEY (`id`)
) ENGINE=InnoDB DEFAULT CHARSET=utf8;

-- --------------------------------------------------------

--
-- Table structure for table `pm_country`
--

DROP TABLE IF EXISTS `pm_country`;
CREATE TABLE IF NOT EXISTS `pm_country` (
  `id` int(11) NOT NULL AUTO_INCREMENT,
  `name` varchar(100) DEFAULT NULL,
  `code` varchar(3) DEFAULT NULL,
  PRIMARY KEY (`id`)
) ENGINE=InnoDB AUTO_INCREMENT=251 DEFAULT CHARSET=utf8;

--
-- Dumping data for table `pm_country`
--

INSERT INTO `pm_country` (`id`, `name`, `code`) VALUES
(1, 'Afghanistan', 'AF'),
(2, 'land', 'AX'),
(3, 'Albania', 'AL'),
(4, 'Algeria', 'DZ'),
(5, 'American Samoa', 'AS'),
(6, 'Andorra', 'AD'),
(7, 'Angola', 'AO'),
(8, 'Anguilla', 'AI'),
(9, 'Antarctica', 'AQ'),
(10, 'Antigua and Barbuda', 'AG'),
(11, 'Argentina', 'AR'),
(12, 'Armenia', 'AM'),
(13, 'Aruba', 'AW'),
(14, 'Australia', 'AU'),
(15, 'Austria', 'AT'),
(16, 'Azerbaijan', 'AZ'),
(17, 'Bahamas', 'BS'),
(18, 'Bahrain', 'BH'),
(19, 'Bangladesh', 'BD'),
(20, 'Barbados', 'BB'),
(21, 'Belarus', 'BY'),
(22, 'Belgium', 'BE'),
(23, 'Belize', 'BZ'),
(24, 'Benin', 'BJ'),
(25, 'Bermuda', 'BM'),
(26, 'Bhutan', 'BT'),
(27, 'Bolivia', 'BO'),
(28, 'Bonaire', 'BQ'),
(29, 'Bosnia and Herzegovina', 'BA'),
(30, 'Botswana', 'BW'),
(31, 'Bouvet Island', 'BV'),
(32, 'Brazil', 'BR'),
(33, 'British Indian Ocean Territory', 'IO'),
(34, 'British Virgin Islands', 'VG'),
(35, 'Brunei', 'BN'),
(36, 'Bulgaria', 'BG'),
(37, 'Burkina Faso', 'BF'),
(38, 'Burundi', 'BI'),
(39, 'Cambodia', 'KH'),
(40, 'Cameroon', 'CM'),
(41, 'Canada', 'CA'),
(42, 'Cape Verde', 'CV'),
(43, 'Cayman Islands', 'KY'),
(44, 'Central African Republic', 'CF'),
(45, 'Chad', 'TD'),
(46, 'Chile', 'CL'),
(47, 'China', 'CN'),
(48, 'Christmas Island', 'CX'),
(49, 'Cocos [Keeling] Islands', 'CC'),
(50, 'Colombia', 'CO'),
(51, 'Comoros', 'KM'),
(52, 'Cook Islands', 'CK'),
(53, 'Costa Rica', 'CR'),
(54, 'Croatia', 'HR'),
(55, 'Cuba', 'CU'),
(56, 'Curacao', 'CW'),
(57, 'Cyprus', 'CY'),
(58, 'Czech Republic', 'CZ'),
(59, 'Democratic Republic of the Congo', 'CD'),
(60, 'Denmark', 'DK'),
(61, 'Djibouti', 'DJ'),
(62, 'Dominica', 'DM'),
(63, 'Dominican Republic', 'DO'),
(64, 'East Timor', 'TL'),
(65, 'Ecuador', 'EC'),
(66, 'Egypt', 'EG'),
(67, 'El Salvador', 'SV'),
(68, 'Equatorial Guinea', 'GQ'),
(69, 'Eritrea', 'ER'),
(70, 'Estonia', 'EE'),
(71, 'Ethiopia', 'ET'),
(72, 'Falkland Islands', 'FK'),
(73, 'Faroe Islands', 'FO'),
(74, 'Fiji', 'FJ'),
(75, 'Finland', 'FI'),
(76, 'France', 'FR'),
(77, 'French Guiana', 'GF'),
(78, 'French Polynesia', 'PF'),
(79, 'French Southern Territories', 'TF'),
(80, 'Gabon', 'GA'),
(81, 'Gambia', 'GM'),
(82, 'Georgia', 'GE'),
(83, 'Germany', 'DE'),
(84, 'Ghana', 'GH'),
(85, 'Gibraltar', 'GI'),
(86, 'Greece', 'GR'),
(87, 'Greenland', 'GL'),
(88, 'Grenada', 'GD'),
(89, 'Guadeloupe', 'GP'),
(90, 'Guam', 'GU'),
(91, 'Guatemala', 'GT'),
(92, 'Guernsey', 'GG'),
(93, 'Guinea', 'GN'),
(94, 'Guinea-Bissau', 'GW'),
(95, 'Guyana', 'GY'),
(96, 'Haiti', 'HT'),
(97, 'Heard Island and McDonald Islands', 'HM'),
(98, 'Honduras', 'HN'),
(99, 'Hong Kong', 'HK'),
(100, 'Hungary', 'HU'),
(101, 'Iceland', 'IS'),
(102, 'India', 'IN'),
(103, 'Indonesia', 'ID'),
(104, 'Iran', 'IR'),
(105, 'Iraq', 'IQ'),
(106, 'Ireland', 'IE'),
(107, 'Isle of Man', 'IM'),
(108, 'Israel', 'IL'),
(109, 'Italy', 'IT'),
(110, 'Ivory Coast', 'CI'),
(111, 'Jamaica', 'JM'),
(112, 'Japan', 'JP'),
(113, 'Jersey', 'JE'),
(114, 'Jordan', 'JO'),
(115, 'Kazakhstan', 'KZ'),
(116, 'Kenya', 'KE'),
(117, 'Kiribati', 'KI'),
(118, 'Kosovo', 'XK'),
(119, 'Kuwait', 'KW'),
(120, 'Kyrgyzstan', 'KG'),
(121, 'Laos', 'LA'),
(122, 'Latvia', 'LV'),
(123, 'Lebanon', 'LB'),
(124, 'Lesotho', 'LS'),
(125, 'Liberia', 'LR'),
(126, 'Libya', 'LY'),
(127, 'Liechtenstein', 'LI'),
(128, 'Lithuania', 'LT'),
(129, 'Luxembourg', 'LU'),
(130, 'Macao', 'MO'),
(131, 'Macedonia', 'MK'),
(132, 'Madagascar', 'MG'),
(133, 'Malawi', 'MW'),
(134, 'Malaysia', 'MY'),
(135, 'Maldives', 'MV'),
(136, 'Mali', 'ML'),
(137, 'Malta', 'MT'),
(138, 'Marshall Islands', 'MH'),
(139, 'Martinique', 'MQ'),
(140, 'Mauritania', 'MR'),
(141, 'Mauritius', 'MU'),
(142, 'Mayotte', 'YT'),
(143, 'Mexico', 'MX'),
(144, 'Micronesia', 'FM'),
(145, 'Moldova', 'MD'),
(146, 'Monaco', 'MC'),
(147, 'Mongolia', 'MN'),
(148, 'Montenegro', 'ME'),
(149, 'Montserrat', 'MS'),
(150, 'Morocco', 'MA'),
(151, 'Mozambique', 'MZ'),
(152, 'Myanmar [Burma]', 'MM'),
(153, 'Namibia', 'NA'),
(154, 'Nauru', 'NR'),
(155, 'Nepal', 'NP'),
(156, 'Netherlands', 'NL'),
(157, 'New Caledonia', 'NC'),
(158, 'New Zealand', 'NZ'),
(159, 'Nicaragua', 'NI'),
(160, 'Niger', 'NE'),
(161, 'Nigeria', 'NG'),
(162, 'Niue', 'NU'),
(163, 'Norfolk Island', 'NF'),
(164, 'North Korea', 'KP'),
(165, 'Northern Mariana Islands', 'MP'),
(166, 'Norway', 'NO'),
(167, 'Oman', 'OM'),
(168, 'Pakistan', 'PK'),
(169, 'Palau', 'PW'),
(170, 'Palestine', 'PS'),
(171, 'Panama', 'PA'),
(172, 'Papua New Guinea', 'PG'),
(173, 'Paraguay', 'PY'),
(174, 'Peru', 'PE'),
(175, 'Philippines', 'PH'),
(176, 'Pitcairn Islands', 'PN'),
(177, 'Poland', 'PL'),
(178, 'Portugal', 'PT'),
(179, 'Puerto Rico', 'PR'),
(180, 'Qatar', 'QA'),
(181, 'Republic of the Congo', 'CG'),
(182, 'Runion', 'RE'),
(183, 'Romania', 'RO'),
(184, 'Russia', 'RU'),
(185, 'Rwanda', 'RW'),
(186, 'Saint Barthlemy', 'BL'),
(187, 'Saint Helena', 'SH'),
(188, 'Saint Kitts and Nevis', 'KN'),
(189, 'Saint Lucia', 'LC'),
(190, 'Saint Martin', 'MF'),
(191, 'Saint Pierre and Miquelon', 'PM'),
(192, 'Saint Vincent and the Grenadines', 'VC'),
(193, 'Samoa', 'WS'),
(194, 'San Marino', 'SM'),
(195, 'So Tom and Prncipe', 'ST'),
(196, 'Saudi Arabia', 'SA'),
(197, 'Senegal', 'SN'),
(198, 'Serbia', 'RS'),
(199, 'Seychelles', 'SC'),
(200, 'Sierra Leone', 'SL'),
(201, 'Singapore', 'SG'),
(202, 'Sint Maarten', 'SX'),
(203, 'Slovakia', 'SK'),
(204, 'Slovenia', 'SI'),
(205, 'Solomon Islands', 'SB'),
(206, 'Somalia', 'SO'),
(207, 'South Africa', 'ZA'),
(208, 'South Georgia and the South Sandwich Islands', 'GS'),
(209, 'South Korea', 'KR'),
(210, 'South Sudan', 'SS'),
(211, 'Spain', 'ES'),
(212, 'Sri Lanka', 'LK'),
(213, 'Sudan', 'SD'),
(214, 'Suriname', 'SR'),
(215, 'Svalbard and Jan Mayen', 'SJ'),
(216, 'Swaziland', 'SZ'),
(217, 'Sweden', 'SE'),
(218, 'Switzerland', 'CH'),
(219, 'Syria', 'SY'),
(220, 'Taiwan', 'TW'),
(221, 'Tajikistan', 'TJ'),
(222, 'Tanzania', 'TZ'),
(223, 'Thailand', 'TH'),
(224, 'Togo', 'TG'),
(225, 'Tokelau', 'TK'),
(226, 'Tonga', 'TO'),
(227, 'Trinidad and Tobago', 'TT'),
(228, 'Tunisia', 'TN'),
(229, 'Turkey', 'TR'),
(230, 'Turkmenistan', 'TM'),
(231, 'Turks and Caicos Islands', 'TC'),
(232, 'Tuvalu', 'TV'),
(233, 'U.S. Minor Outlying Islands', 'UM'),
(234, 'U.S. Virgin Islands', 'VI'),
(235, 'Uganda', 'UG'),
(236, 'Ukraine', 'UA'),
(237, 'United Arab Emirates', 'AE'),
(238, 'United Kingdom', 'GB'),
(239, 'United States', 'US'),
(240, 'Uruguay', 'UY'),
(241, 'Uzbekistan', 'UZ'),
(242, 'Vanuatu', 'VU'),
(243, 'Vatican City', 'VA'),
(244, 'Venezuela', 'VE'),
(245, 'Vietnam', 'VN'),
(246, 'Wallis and Futuna', 'WF'),
(247, 'Western Sahara', 'EH'),
(248, 'Yemen', 'YE'),
(249, 'Zambia', 'ZM'),
(250, 'Zimbabwe', 'ZW');

-- --------------------------------------------------------

--
-- Table structure for table `pm_coupon`
--

DROP TABLE IF EXISTS `pm_coupon`;
CREATE TABLE IF NOT EXISTS `pm_coupon` (
  `id` int(11) NOT NULL AUTO_INCREMENT,
  `title` varchar(250) DEFAULT NULL,
  `code` varchar(50) DEFAULT NULL,
  `discount` double DEFAULT '0',
  `discount_type` varchar(10) DEFAULT NULL,
  `rooms` text,
  `checked` int(11) DEFAULT '0',
  `publish_date` int(11) DEFAULT NULL,
  `unpublish_date` int(11) DEFAULT NULL,
  PRIMARY KEY (`id`)
) ENGINE=InnoDB DEFAULT CHARSET=utf8;

-- --------------------------------------------------------

--
-- Table structure for table `pm_currency`
--

DROP TABLE IF EXISTS `pm_currency`;
CREATE TABLE IF NOT EXISTS `pm_currency` (
  `id` int(11) NOT NULL AUTO_INCREMENT,
  `code` varchar(5) DEFAULT NULL,
  `sign` varchar(5) DEFAULT NULL,
  `main` int(11) DEFAULT '0',
  `rank` int(11) DEFAULT '0',
  PRIMARY KEY (`id`)
) ENGINE=InnoDB AUTO_INCREMENT=9 DEFAULT CHARSET=utf8;

--
-- Dumping data for table `pm_currency`
--

INSERT INTO `pm_currency` (`id`, `code`, `sign`, `main`, `rank`) VALUES
(1, 'USD', '$', 1, 1),
(2, 'EUR', '', 0, 2),
(3, 'GBP', '', 0, 3),
(4, 'INR', '', 0, 4),
(5, 'AUD', 'A$', 0, 5),
(6, 'CAD', 'C$', 0, 6),
(7, 'CNY', '', 0, 7),
(8, 'TRY', '', 0, 8);

-- --------------------------------------------------------

--
-- Table structure for table `pm_destination`
--

DROP TABLE IF EXISTS `pm_destination`;
CREATE TABLE IF NOT EXISTS `pm_destination` (
  `id` int(11) NOT NULL AUTO_INCREMENT,
  `lang` int(11) NOT NULL,
  `name` varchar(100) DEFAULT NULL,
  `title` varchar(250) DEFAULT NULL,
  `subtitle` varchar(250) DEFAULT NULL,
  `title_tag` varchar(250) DEFAULT NULL,
  `alias` varchar(100) DEFAULT NULL,
  `descr` text,
  `text` longtext,
  `video` text,
  `lat` double DEFAULT NULL,
  `lng` double DEFAULT NULL,
  `home` int(11) DEFAULT '0',
  `checked` int(11) DEFAULT '0',
  `rank` int(11) DEFAULT '0',
  PRIMARY KEY (`id`,`lang`)
) ENGINE=InnoDB DEFAULT CHARSET=utf8;

-- --------------------------------------------------------

--
-- Table structure for table `pm_destination_file`
--

DROP TABLE IF EXISTS `pm_destination_file`;
CREATE TABLE IF NOT EXISTS `pm_destination_file` (
  `id` int(11) NOT NULL AUTO_INCREMENT,
  `lang` int(11) NOT NULL,
  `id_item` int(11) NOT NULL,
  `home` int(11) DEFAULT '0',
  `checked` int(11) DEFAULT '1',
  `rank` int(11) DEFAULT '0',
  `file` varchar(250) DEFAULT NULL,
  `label` varchar(250) DEFAULT NULL,
  `type` varchar(20) DEFAULT NULL,
  PRIMARY KEY (`id`,`lang`),
  KEY `destination_file_fkey` (`id_item`,`lang`),
  KEY `destination_file_lang_fkey` (`lang`)
) ENGINE=InnoDB DEFAULT CHARSET=utf8;

-- --------------------------------------------------------

--
-- Table structure for table `pm_email_content`
--

DROP TABLE IF EXISTS `pm_email_content`;
CREATE TABLE IF NOT EXISTS `pm_email_content` (
  `id` int(11) NOT NULL AUTO_INCREMENT,
  `lang` int(11) NOT NULL,
  `name` varchar(50) DEFAULT NULL,
  `subject` varchar(250) DEFAULT NULL,
  `content` text,
  PRIMARY KEY (`id`,`lang`),
  KEY `email_content_lang_fkey` (`lang`)
) ENGINE=InnoDB AUTO_INCREMENT=4 DEFAULT CHARSET=utf8;

--
-- Dumping data for table `pm_email_content`
--

INSERT INTO `pm_email_content` (`id`, `lang`, `name`, `subject`, `content`) VALUES
(1, 1, 'CONTACT', 'Contact', '<b>Nom:</b> {name}<b>Adresse:</b> {address}<b>Tlphone:</b> {phone}<b>E-mail:</b> {email}<b>Message:</b>{msg}'),
(1, 2, 'CONTACT', 'Contact', '<b>Name:</b> {name}<br><b>Address:</b> {address}<br><b>Phone:</b> {phone}<br><b>E-mail:</b> {email}<br><b>Message:</b><br>{msg}'),
(1, 3, 'CONTACT', 'Contact', '<b>Name:</b> {name}<b>Address:</b> {address}<b>Phone:</b> {phone}<b>E-mail:</b> {email}<b>Message:</b>{msg}'),
(2, 1, 'BOOKING_REQUEST', 'Demande de rservation', '<p><b>Adresse de facturation</b><br />\r\n{firstname} {lastname}<br />\r\n{address}<br />\r\n{postcode} {city}<br />\r\nSocit : {company}<br />\r\nTlphone : {phone}<br />\r\nMobile : {mobile}<br />\r\nEmail : {email}</p>\r\n\r\n<p><strong>Dtails de la rservation</strong><br />\r\nArrive :<b>{Check_in}</b><br />\r\nDpart :<b>{Check_out}</b><br />\r\n<b>{num_nights}</b> nuit(s)<br />\r\n<b>{num_guests}</b> personne(s) - Adulte(s) : <b>{num_adults}</b> / Enfant(s) : <b>{num_children}</b></p>\r\n\r\n<p><b>Chambres</b></p>\r\n\r\n<p>{rooms}</p>\r\n\r\n<p><b>Services supplmentaires</b></p>\r\n\r\n<p>{extra_services}</p>\r\n\r\n<p><b>Activits</b></p>\r\n\r\n<p>{activities}</p>\r\n\r\n<p><b>Commentaires</b><br />\r\n{comments}</p>\r\n'),
(2, 2, 'BOOKING_REQUEST', 'Booking request', '<p><b>Billing address</b><br />\r\n{firstname} {lastname}<br />\r\n{address}<br />\r\n{postcode} {city}<br />\r\nCompany: {company}<br />\r\nPhone: {phone}<br />\r\nMobile: {mobile}<br />\r\nEmail: {email}</p>\r\n\r\n<p><strong>Booking details</strong><br />\r\nCheck in <b>{Check_in}</b><br />\r\nCheck out <b>{Check_out}</b><br />\r\n<b>{num_nights}</b> nights<br />\r\n<b>{num_guests}</b> persons - Adults: <b>{num_adults}</b> / Children: <b>{num_children}</b></p>\r\n\r\n<p><strong>Rooms</strong></p>\r\n\r\n<p>{rooms}</p>\r\n\r\n<p><b>Extra services</b></p>\r\n\r\n<p>{extra_services}</p>\r\n\r\n<p><b>Activities</b></p>\r\n\r\n<p>{activities}</p>\r\n\r\n<p><b>Comments</b><br />\r\n{comments}</p>\r\n'),
(2, 3, 'BOOKING_REQUEST', 'Booking request', '<p><b>Billing address</b><br />\r\n{firstname} {lastname}<br />\r\n{address}<br />\r\n{postcode} {city}<br />\r\nCompany: {company}<br />\r\nPhone: {phone}<br />\r\nMobile: {mobile}<br />\r\nEmail: {email}</p>\r\n\r\n<p><strong>Booking details</strong><br />\r\nCheck in <b>{Check_in}</b><br />\r\nCheck out <b>{Check_out}</b><br />\r\n<b>{num_nights}</b> nights<br />\r\n<b>{num_guests}</b> persons - Adults: <b>{num_adults}</b> / Children: <b>{num_children}</b></p>\r\n\r\n<p><strong>Rooms</strong></p>\r\n\r\n<p>{rooms}</p>\r\n\r\n<p><b>Extra services</b></p>\r\n\r\n<p>{extra_services}</p>\r\n\r\n<p><b>Activities</b></p>\r\n\r\n<p>{activities}</p>\r\n\r\n<p><b>Comments</b><br />\r\n{comments}</p>\r\n'),
(3, 1, 'BOOKING_CONFIRMATION', 'Confirmation de rservation', '<p><b>Adresse de facturation</b><br />\r\n{firstname} {lastname}<br />\r\n{address}<br />\r\n{postcode} {city}<br />\r\nSocit : {company}<br />\r\nTlphone : {phone}<br />\r\nMobile : {mobile}<br />\r\nEmail : {email}</p>\r\n\r\n<p><strong>Dtails de la rservation</strong><br />\r\nArrive :<b>{Check_in}</b><br />\r\nDpart :<b>{Check_out}</b><br />\r\n<b>{num_nights}</b> nuit(s)<br />\r\n<b>{num_guests}</b> personne(s) - Adulte(s) : <b>{num_adults}</b> / Enfant(s) : <b>{num_children}</b></p>\r\n\r\n<p><b>Chambres</b></p>\r\n\r\n<p>{rooms}</p>\r\n\r\n<p><b>Services supplmentaires</b></p>\r\n\r\n<p>{extra_services}</p>\r\n\r\n<p><b>Activits</b></p>\r\n\r\n<p>{activities}</p>\r\n\r\n<p>Taxe de sjour : {tourist_tax}<br />\r\nRduction: {discount}<br />\r\n{taxes}<br />\r\nTotal : <strong>{total} TTC</strong></p>\r\n\r\n<p>Acompte : <strong>{down_payment} TTC</strong></p>\r\n\r\n<p><b>Commentaires</b><br />\r\n{comments}</p>\r\n\r\n<p>{payment_notice}</p>\r\n'),
(3, 2, 'BOOKING_CONFIRMATION', 'Booking confirmation', '<p><b>Billing address</b><br />\r\n{firstname} {lastname}<br />\r\n{address}<br />\r\n{postcode} {city}<br />\r\nCompany: {company}<br />\r\nPhone: {phone}<br />\r\nMobile: {mobile}<br />\r\nEmail: {email}</p>\r\n\r\n<p><strong>Booking details</strong><br />\r\nCheck in <b>{Check_in}</b><br />\r\nCheck out <b>{Check_out}</b><br />\r\n<b>{num_nights}</b> nights<br />\r\n<b>{num_guests}</b> persons - Adults: <b>{num_adults}</b> / Children: <b>{num_children}</b></p>\r\n\r\n<p><strong>Rooms</strong></p>\r\n\r\n<p>{rooms}</p>\r\n\r\n<p><b>Extra services</b></p>\r\n\r\n<p>{extra_services}</p>\r\n\r\n<p><b>Activities</b></p>\r\n\r\n<p>{activities}</p>\r\n\r\n<p>Tourist tax: {tourist_tax}<br />\r\nDiscount: {discount}<br />\r\n{taxes}<br />\r\nTotal: <strong>{total} incl. VAT</strong></p>\r\n\r\n<p>Down payment: <strong>{down_payment} incl. VAT</strong></p>\r\n\r\n<p><b>Comments</b><br />\r\n{comments}</p>\r\n\r\n<p>{payment_notice}</p>\r\n'),
(3, 3, 'BOOKING_CONFIRMATION', 'Booking confirmation', '<p><b>Billing address</b><br />\r\n{firstname} {lastname}<br />\r\n{address}<br />\r\n{postcode} {city}<br />\r\nCompany: {company}<br />\r\nPhone: {phone}<br />\r\nMobile: {mobile}<br />\r\nEmail: {email}</p>\r\n\r\n<p><strong>Booking details</strong><br />\r\nCheck in <b>{Check_in}</b><br />\r\nCheck out <b>{Check_out}</b><br />\r\n<b>{num_nights}</b> nights<br />\r\n<b>{num_guests}</b> persons - Adults: <b>{num_adults}</b> / Children: <b>{num_children}</b></p>\r\n\r\n<p><strong>Rooms</strong></p>\r\n\r\n<p>{rooms}</p>\r\n\r\n<p><b>Extra services</b></p>\r\n\r\n<p>{extra_services}</p>\r\n\r\n<p><b>Activities</b></p>\r\n\r\n<p>{activities}</p>\r\n\r\n<p>Tourist tax: {tourist_tax}<br />\r\nDiscount: {discount}<br />\r\n{taxes}<br />\r\nTotal: <strong>{total} incl. VAT</strong></p>\r\n\r\n<p>Down payment: <strong>{down_payment} incl. VAT</strong></p>\r\n\r\n<p><b>Comments</b><br />\r\n{comments}</p>\r\n\r\n<p>{payment_notice}</p>\r\n');

-- --------------------------------------------------------

--
-- Table structure for table `pm_facility`
--

DROP TABLE IF EXISTS `pm_facility`;
CREATE TABLE IF NOT EXISTS `pm_facility` (
  `id` int(11) NOT NULL AUTO_INCREMENT,
  `lang` int(11) NOT NULL,
  `name` varchar(250) DEFAULT NULL,
  `rank` int(11) DEFAULT '0',
  PRIMARY KEY (`id`,`lang`),
  KEY `facility_lang_fkey` (`lang`)
) ENGINE=InnoDB AUTO_INCREMENT=40 DEFAULT CHARSET=utf8;

--
-- Dumping data for table `pm_facility`
--

INSERT INTO `pm_facility` (`id`, `lang`, `name`, `rank`) VALUES
(1, 1, 'Climatisation', 1),
(1, 2, 'Air conditioning', 1),
(2, 1, 'Lit bb', 2),
(2, 2, 'Baby cot', 2),
(3, 1, 'Balcon', 3),
(3, 2, 'Balcony', 3),
(4, 1, 'Barbecue', 4),
(4, 2, 'Barbecue', 4),
(5, 1, 'Salle de bain', 5),
(5, 2, 'Bathroom', 5),
(6, 1, 'Cafetire', 6),
(6, 2, 'Coffeemaker', 6),
(7, 1, 'Plaque de cuisson', 7),
(7, 2, 'Cooktop', 7),
(8, 1, 'Bureau', 8),
(8, 2, 'Desk', 8),
(9, 1, 'Lave vaisselle', 9),
(9, 2, 'Dishwasher', 9),
(10, 1, 'Ventilateur', 10),
(10, 2, 'Fan', 10),
(11, 1, 'Parking gratuit', 11),
(11, 2, 'Free parking', 11),
(12, 1, 'Rfrigrateur', 12),
(12, 2, 'Fridge', 12),
(13, 1, 'Sche-cheveux', 13),
(13, 2, 'Hairdryer', 13),
(14, 1, 'Internet', 14),
(14, 2, 'Internet', 14),
(15, 1, 'Fer  repasser', 15),
(15, 2, 'Iron', 15),
(16, 1, 'Micro-ondes', 16),
(16, 2, 'Microwave', 16),
(17, 1, 'Mini-bar', 17),
(17, 2, 'Mini-bar', 17),
(18, 1, 'Non-fumeurs', 18),
(18, 2, 'Non-smoking', 18),
(19, 1, 'Parking payant', 19),
(19, 2, 'Paid parking', 19),
(20, 1, 'Animaux accepts', 20),
(20, 2, 'Pets allowed', 20),
(21, 1, 'Animaux interdits', 21),
(21, 2, 'Pets not allowed', 21),
(22, 1, 'Radio', 22),
(22, 2, 'Radio', 22),
(23, 1, 'Coffre-fort', 23),
(23, 2, 'Safe', 23),
(24, 1, 'Chaines satellite', 24),
(24, 2, 'Satellite chanels', 24),
(25, 1, 'Salle d\'eau', 25),
(25, 2, 'Shower-room', 25),
(26, 1, 'Coin salon', 26),
(26, 2, 'Small lounge', 26),
(27, 1, 'Telephone', 27),
(27, 2, 'Telephone', 27),
(28, 1, 'Tlviseur', 28),
(28, 2, 'Television', 28),
(29, 1, 'Terrasse', 29),
(29, 2, 'Terrasse', 29),
(30, 1, 'Machine  laver', 30),
(30, 2, 'Washing machine', 30),
(31, 1, 'Accs handicaps', 31),
(31, 2, 'Wheelchair accessible', 31),
(32, 1, 'Wi-Fi', 31),
(32, 2, 'WiFi', 31),
(33, 1, 'Chaine hifi', 32),
(33, 2, 'Hi-fi system', 32),
(34, 1, 'Lecteur DVD', 33),
(34, 2, 'DVD player', 33),
(35, 1, 'Ascenceur', 34),
(35, 2, 'Elevator', 34),
(36, 1, 'Coin salon', 35),
(36, 2, 'Lounge', 35),
(37, 1, 'Restaurant', 36),
(37, 2, 'Restaurant', 36),
(38, 1, 'Service de chambre', 37),
(38, 2, 'Room service', 37),
(39, 1, 'Vestiaire', 38),
(39, 2, 'Cloakroom', 38);

-- --------------------------------------------------------

--
-- Table structure for table `pm_facility_file`
--

DROP TABLE IF EXISTS `pm_facility_file`;
CREATE TABLE IF NOT EXISTS `pm_facility_file` (
  `id` int(11) NOT NULL AUTO_INCREMENT,
  `lang` int(11) NOT NULL,
  `id_item` int(11) NOT NULL,
  `home` int(11) DEFAULT '0',
  `checked` int(11) DEFAULT '1',
  `rank` int(11) DEFAULT '0',
  `file` varchar(250) DEFAULT NULL,
  `label` varchar(250) DEFAULT NULL,
  `type` varchar(20) DEFAULT NULL,
  PRIMARY KEY (`id`,`lang`),
  KEY `facility_file_fkey` (`id_item`,`lang`),
  KEY `facility_file_lang_fkey` (`lang`)
) ENGINE=InnoDB AUTO_INCREMENT=40 DEFAULT CHARSET=utf8;

--
-- Dumping data for table `pm_facility_file`
--

INSERT INTO `pm_facility_file` (`id`, `lang`, `id_item`, `home`, `checked`, `rank`, `file`, `label`, `type`) VALUES
(1, 2, 31, 0, 1, 1, 'wheelchair.png', '', 'image'),
(2, 2, 20, 0, 1, 2, 'pet-allowed.png', '', 'image'),
(3, 2, 21, 0, 1, 3, 'pet-not-allowed.png', '', 'image'),
(4, 2, 3, 0, 1, 4, 'balcony.png', '', 'image'),
(5, 2, 4, 0, 1, 5, 'barbecue.png', '', 'image'),
(6, 2, 8, 0, 1, 6, 'desk.png', '', 'image'),
(7, 2, 6, 0, 1, 7, 'coffee.png', '', 'image'),
(8, 2, 24, 0, 1, 8, 'satellite.png', '', 'image'),
(9, 2, 1, 0, 1, 9, 'air-conditioning.png', '', 'image'),
(10, 2, 23, 0, 1, 10, 'safe.png', '', 'image'),
(11, 2, 26, 0, 1, 11, 'lounge.png', '', 'image'),
(12, 2, 15, 0, 1, 12, 'iron.png', '', 'image'),
(13, 2, 14, 0, 1, 13, 'adsl.png', '', 'image'),
(14, 2, 9, 0, 1, 14, 'dishwasher.png', '', 'image'),
(15, 2, 2, 0, 1, 15, 'baby-cot.png', '', 'image'),
(16, 2, 30, 0, 1, 16, 'washing-machine.png', '', 'image'),
(17, 2, 16, 0, 1, 17, 'microwaves.png', '', 'image'),
(18, 2, 17, 0, 1, 18, 'mini-bar.png', '', 'image'),
(19, 2, 18, 0, 1, 19, 'non-smoking.png', '', 'image'),
(20, 2, 11, 0, 1, 20, 'free-parking.png', '', 'image'),
(21, 2, 19, 0, 1, 21, 'paid-parking.png', '', 'image'),
(22, 2, 7, 0, 1, 22, 'cooktop.png', '', 'image'),
(23, 2, 22, 0, 1, 23, 'radio.png', '', 'image'),
(24, 2, 12, 0, 1, 24, 'fridge.png', '', 'image'),
(25, 2, 25, 0, 1, 25, 'shower.png', '', 'image'),
(26, 2, 5, 0, 1, 26, 'bath.png', '', 'image'),
(27, 2, 13, 0, 1, 27, 'hairdryer.png', '', 'image'),
(28, 2, 27, 0, 1, 28, 'phone.png', '', 'image'),
(29, 2, 28, 0, 1, 29, 'tv.png', '', 'image'),
(30, 2, 29, 0, 1, 30, 'terrasse.png', '', 'image'),
(31, 2, 10, 0, 1, 31, 'fan.png', '', 'image'),
(32, 2, 32, 0, 1, 32, 'wifi.png', '', 'image'),
(33, 2, 33, 0, 1, 33, 'hifi.png', '', 'image'),
(34, 2, 34, 0, 1, 34, 'dvd.png', '', 'image'),
(35, 2, 33, 0, 1, 33, 'elevator.png', '', 'image'),
(36, 2, 33, 0, 1, 33, 'lounge.png', '', 'image'),
(37, 2, 33, 0, 1, 33, 'restaurant.png', '', 'image'),
(38, 2, 33, 0, 1, 33, 'room-service.png', '', 'image'),
(39, 2, 33, 0, 1, 33, 'cloakroom.png', '', 'image');

-- --------------------------------------------------------

--
-- Table structure for table `pm_hotel`
--

DROP TABLE IF EXISTS `pm_hotel`;
CREATE TABLE IF NOT EXISTS `pm_hotel` (
  `id` int(11) NOT NULL AUTO_INCREMENT,
  `lang` int(11) NOT NULL,
  `users` text,
  `title` varchar(250) DEFAULT NULL,
  `subtitle` varchar(250) DEFAULT NULL,
  `alias` varchar(100) DEFAULT NULL,
  `class` int(11) DEFAULT '0',
  `address` varchar(250) DEFAULT NULL,
  `lat` double DEFAULT NULL,
  `lng` double DEFAULT NULL,
  `email` varchar(100) DEFAULT NULL,
  `phone` varchar(50) DEFAULT NULL,
  `web` varchar(250) DEFAULT NULL,
  `descr` longtext,
  `facilities` varchar(250) DEFAULT NULL,
  `id_destination` int(11) DEFAULT NULL,
  `paypal_email` varchar(250) DEFAULT NULL,
  `home` int(11) DEFAULT '0',
  `checked` int(11) DEFAULT '0',
  `rank` int(11) DEFAULT '0',
  PRIMARY KEY (`id`,`lang`),
  KEY `hotel_lang_fkey` (`lang`)
) ENGINE=InnoDB AUTO_INCREMENT=2 DEFAULT CHARSET=utf8;

--
-- Dumping data for table `pm_hotel`
--

INSERT INTO `pm_hotel` (`id`, `lang`, `users`, `title`, `subtitle`, `alias`, `class`, `address`, `lat`, `lng`, `email`, `phone`, `web`, `descr`, `facilities`, `id_destination`, `paypal_email`, `home`, `checked`, `rank`) VALUES
(1, 1, '1', 'Royal Hotel', 'Htel luxueux avec vue sur la mer', 'royal-hotel', 4, '', 4.455734, 73.718185, 'contact@pandao.eu', '+30 1 0xxx xxxx', '', '<p>Lorem ipsum dolor sit amet, consectetur adipiscing elit. Aenean aliquet felis massa, sed condimentum ligula feugiat et. Etiam facilisis euismod dignissim. Vivamus facilisis lorem ut purus pellentesque, nec sollicitudin lorem suscipit. Fusce sed enim ultricies, venenatis nunc ut, pharetra nunc. Quisque sollicitudin egestas varius. Nulla aliquet magna sapien, id malesuada felis lobortis id. Vivamus vulputate sed enim sit amet eleifend. Vivamus sit amet felis id urna vulputate maximus. Nullam fringilla sed turpis non volutpat. Cras ultrices diam velit, ac volutpat odio semper at. Sed pulvinar turpis imperdiet sapien hendrerit pulvinar.</p>\r\n', '1,11,20,37,32', NULL, NULL, 1, 1, 1),
(1, 2, '1', 'Royal Hotel', 'Luxury hotel overlooking the sea', 'royal-hotel', 4, '', 4.455734, 73.718185, 'contact@pandao.eu', '+30 1 0xxx xxxx', '', '<p>Lorem ipsum dolor sit amet, consectetur adipiscing elit. Aenean aliquet felis massa, sed condimentum ligula feugiat et. Etiam facilisis euismod dignissim. Vivamus facilisis lorem ut purus pellentesque, nec sollicitudin lorem suscipit. Fusce sed enim ultricies, venenatis nunc ut, pharetra nunc. Quisque sollicitudin egestas varius. Nulla aliquet magna sapien, id malesuada felis lobortis id. Vivamus vulputate sed enim sit amet eleifend. Vivamus sit amet felis id urna vulputate maximus. Nullam fringilla sed turpis non volutpat. Cras ultrices diam velit, ac volutpat odio semper at. Sed pulvinar turpis imperdiet sapien hendrerit pulvinar.</p>\r\n', '1,11,20,37,32', NULL, NULL, 1, 1, 1),
(1, 3, '1', 'Royal Hotel', '    ', 'royal-hotel', 4, '', 4.455734, 73.718185, 'contact@pandao.eu', '+30 1 0xxx xxxx', '', '<p>Lorem ipsum dolor sit amet, consectetur adipiscing elit. Aenean aliquet felis massa, sed condimentum ligula feugiat et. Etiam facilisis euismod dignissim. Vivamus facilisis lorem ut purus pellentesque, nec sollicitudin lorem suscipit. Fusce sed enim ultricies, venenatis nunc ut, pharetra nunc. Quisque sollicitudin egestas varius. Nulla aliquet magna sapien, id malesuada felis lobortis id. Vivamus vulputate sed enim sit amet eleifend. Vivamus sit amet felis id urna vulputate maximus. Nullam fringilla sed turpis non volutpat. Cras ultrices diam velit, ac volutpat odio semper at. Sed pulvinar turpis imperdiet sapien hendrerit pulvinar.</p>\r\n', '1,11,20,37,32', NULL, NULL, 1, 1, 1);

-- --------------------------------------------------------

--
-- Table structure for table `pm_hotel_file`
--

DROP TABLE IF EXISTS `pm_hotel_file`;
CREATE TABLE IF NOT EXISTS `pm_hotel_file` (
  `id` int(11) NOT NULL AUTO_INCREMENT,
  `lang` int(11) NOT NULL,
  `id_item` int(11) NOT NULL,
  `home` int(11) DEFAULT '0',
  `checked` int(11) DEFAULT '1',
  `rank` int(11) DEFAULT '0',
  `file` varchar(250) DEFAULT NULL,
  `label` varchar(250) DEFAULT NULL,
  `type` varchar(20) DEFAULT NULL,
  PRIMARY KEY (`id`,`lang`),
  KEY `hotel_file_fkey` (`id_item`,`lang`),
  KEY `hotel_file_lang_fkey` (`lang`)
) ENGINE=InnoDB AUTO_INCREMENT=2 DEFAULT CHARSET=utf8;

--
-- Dumping data for table `pm_hotel_file`
--

INSERT INTO `pm_hotel_file` (`id`, `lang`, `id_item`, `home`, `checked`, `rank`, `file`, `label`, `type`) VALUES
(1, 1, 1, 0, 1, 1, '5555048217-1389b680d6-o.jpg', '', 'image'),
(1, 2, 1, 0, 1, 1, '5555048217-1389b680d6-o.jpg', '', 'image'),
(1, 3, 1, 0, 1, 1, '5555048217-1389b680d6-o.jpg', '', 'image');

-- --------------------------------------------------------

--
-- Table structure for table `pm_lang`
--

DROP TABLE IF EXISTS `pm_lang`;
CREATE TABLE IF NOT EXISTS `pm_lang` (
  `id` int(11) NOT NULL AUTO_INCREMENT,
  `title` varchar(20) DEFAULT NULL,
  `locale` varchar(20) DEFAULT NULL,
  `main` int(11) DEFAULT '0',
  `checked` int(11) DEFAULT '0',
  `rank` int(11) DEFAULT '0',
  `tag` varchar(20) DEFAULT NULL,
  `rtl` int(11) DEFAULT '0',
  PRIMARY KEY (`id`)
) ENGINE=InnoDB AUTO_INCREMENT=4 DEFAULT CHARSET=utf8;

--
-- Dumping data for table `pm_lang`
--

INSERT INTO `pm_lang` (`id`, `title`, `locale`, `main`, `checked`, `rank`, `tag`, `rtl`) VALUES
(1, 'Franais', 'fr_FR', 0, 1, 2, 'fr', 0),
(2, 'English', 'en_GB', 1, 1, 1, 'en', 0),
(3, '', 'ar_MA', 0, 1, 3, 'ar', 1);

-- --------------------------------------------------------

--
-- Table structure for table `pm_lang_file`
--

DROP TABLE IF EXISTS `pm_lang_file`;
CREATE TABLE IF NOT EXISTS `pm_lang_file` (
  `id` int(11) NOT NULL AUTO_INCREMENT,
  `id_item` int(11) NOT NULL,
  `home` int(11) DEFAULT '0',
  `checked` int(11) DEFAULT '1',
  `rank` int(11) DEFAULT '0',
  `file` varchar(250) DEFAULT NULL,
  `label` varchar(250) DEFAULT NULL,
  `type` varchar(20) DEFAULT NULL,
  PRIMARY KEY (`id`),
  KEY `lang_file_fkey` (`id_item`)
) ENGINE=InnoDB AUTO_INCREMENT=4 DEFAULT CHARSET=utf8;

--
-- Dumping data for table `pm_lang_file`
--

INSERT INTO `pm_lang_file` (`id`, `id_item`, `home`, `checked`, `rank`, `file`, `label`, `type`) VALUES
(1, 1, 0, 1, 2, 'fr.png', '', 'image'),
(2, 2, 0, 1, 1, 'gb.png', '', 'image'),
(3, 3, 0, 1, 3, 'ar.png', '', 'image');

-- --------------------------------------------------------

--
-- Table structure for table `pm_location`
--

DROP TABLE IF EXISTS `pm_location`;
CREATE TABLE IF NOT EXISTS `pm_location` (
  `id` int(11) NOT NULL AUTO_INCREMENT,
  `name` varchar(100) DEFAULT NULL,
  `address` varchar(250) DEFAULT NULL,
  `lat` double DEFAULT NULL,
  `lng` double DEFAULT NULL,
  `checked` int(11) DEFAULT '0',
  `pages` text,
  PRIMARY KEY (`id`)
) ENGINE=InnoDB AUTO_INCREMENT=2 DEFAULT CHARSET=utf8;

--
-- Dumping data for table `pm_location`
--

INSERT INTO `pm_location` (`id`, `name`, `address`, `lat`, `lng`, `checked`, `pages`) VALUES
(1, 'Panda Multi Resorts', 'Maldives Mint, Neeloafaru Magu 20014, Maldives', 4.174411, 73.517851, 1, '2');

-- --------------------------------------------------------

--
-- Table structure for table `pm_media`
--

DROP TABLE IF EXISTS `pm_media`;
CREATE TABLE IF NOT EXISTS `pm_media` (
  `id` int(11) NOT NULL AUTO_INCREMENT,
  PRIMARY KEY (`id`)
) ENGINE=InnoDB DEFAULT CHARSET=utf8;

-- --------------------------------------------------------

--
-- Table structure for table `pm_media_file`
--

DROP TABLE IF EXISTS `pm_media_file`;
CREATE TABLE IF NOT EXISTS `pm_media_file` (
  `id` int(11) NOT NULL AUTO_INCREMENT,
  `id_item` int(11) NOT NULL,
  `home` int(11) DEFAULT '0',
  `checked` int(11) DEFAULT '1',
  `rank` int(11) DEFAULT '0',
  `file` varchar(250) DEFAULT NULL,
  `label` varchar(250) DEFAULT NULL,
  `type` varchar(20) DEFAULT NULL,
  PRIMARY KEY (`id`),
  KEY `media_file_fkey` (`id_item`)
) ENGINE=InnoDB DEFAULT CHARSET=utf8;

-- --------------------------------------------------------

--
-- Table structure for table `pm_menu`
--

DROP TABLE IF EXISTS `pm_menu`;
CREATE TABLE IF NOT EXISTS `pm_menu` (
  `id` int(11) NOT NULL AUTO_INCREMENT,
  `lang` int(11) NOT NULL,
  `name` varchar(50) DEFAULT NULL,
  `title` varchar(250) DEFAULT NULL,
  `id_parent` int(11) DEFAULT NULL,
  `item_type` varchar(30) DEFAULT NULL,
  `id_item` int(11) DEFAULT NULL,
  `url` text,
  `main` int(11) DEFAULT '1',
  `footer` int(11) DEFAULT '0',
  `checked` int(11) DEFAULT '0',
  `rank` int(11) DEFAULT '0',
  PRIMARY KEY (`id`,`lang`),
  KEY `menu_lang_fkey` (`lang`)
) ENGINE=InnoDB AUTO_INCREMENT=11 DEFAULT CHARSET=utf8;

--
-- Dumping data for table `pm_menu`
--

INSERT INTO `pm_menu` (`id`, `lang`, `name`, `title`, `id_parent`, `item_type`, `id_item`, `url`, `main`, `footer`, `checked`, `rank`) VALUES
(1, 1, 'Accueil', 'Lorem ipsum dolor sit amet', NULL, 'page', 1, NULL, 1, 0, 1, 1),
(1, 2, 'Home', 'Panda Multi Resorts, Luxury Hotels', NULL, 'page', 1, NULL, 1, 0, 1, 1),
(1, 3, '', '   , .', NULL, 'page', 1, NULL, 1, 0, 1, 1),
(2, 1, 'Contact', 'Contact', NULL, 'page', 2, NULL, 1, 1, 1, 9),
(2, 2, 'Contact', 'Contact', NULL, 'page', 2, NULL, 1, 1, 1, 9),
(2, 3, ' ', ' ', NULL, 'page', 2, NULL, 1, 1, 1, 9),
(3, 1, 'Mentions lgales', 'Mentions lgales', NULL, 'page', 3, NULL, 0, 1, 1, 10),
(3, 2, 'Legal notices', 'Legal notices', NULL, 'page', 3, NULL, 0, 1, 1, 10),
(3, 3, ' ', ' ', NULL, 'page', 3, NULL, 0, 1, 1, 10),
(4, 1, 'Plan du site', 'Plan du site', NULL, 'page', 4, NULL, 0, 1, 1, 11),
(4, 2, 'Sitemap', 'Sitemap', NULL, 'page', 4, NULL, 0, 1, 1, 11),
(4, 3, ' ', ' ', NULL, 'page', 4, NULL, 0, 1, 1, 11),
(5, 1, 'Qui sommes-nous ?', 'Qui sommes-nous ?', NULL, 'page', 5, NULL, 1, 0, 1, 2),
(5, 2, 'About us', 'About us', NULL, 'page', 5, NULL, 1, 0, 1, 2),
(5, 3, ' ', ' ', NULL, 'page', 5, NULL, 1, 0, 1, 2),
(6, 1, 'Galerie', 'Galerie', NULL, 'page', 7, NULL, 1, 0, 1, 4),
(6, 2, 'Gallery', 'Gallery', NULL, 'page', 7, NULL, 1, 0, 1, 4),
(6, 3, ' ', ' ', NULL, 'page', 7, NULL, 1, 0, 1, 4),
(7, 1, 'Htels', 'Htels', NULL, 'page', 9, NULL, 1, 0, 1, 3),
(7, 2, 'Hotels', 'Hotels', NULL, 'page', 9, NULL, 1, 0, 1, 3),
(7, 3, '', '', NULL, 'page', 9, NULL, 1, 0, 1, 3),
(8, 1, 'Rserver', 'Rserver', NULL, 'page', 10, NULL, 1, 0, 1, 5),
(8, 2, 'Booking', 'Booking', NULL, 'page', 10, NULL, 1, 0, 1, 5),
(8, 3, '', '', NULL, 'page', 10, NULL, 1, 0, 1, 5),
(9, 1, 'Activits', 'Activits', NULL, 'page', 16, NULL, 1, 0, 1, 4),
(9, 2, 'Activities', 'Activities', NULL, 'page', 16, NULL, 1, 0, 1, 4),
(9, 3, 'Activities', 'Activities', NULL, 'page', 16, NULL, 1, 0, 1, 4),
(10, 1, 'Destinations', '', NULL, 'page', 18, '', 1, 0, 1, 4),
(10, 2, 'Destinations', '', NULL, 'page', 18, '', 1, 0, 1, 4),
(10, 3, '', '', NULL, 'page', 18, '', 1, 0, 1, 4);

-- --------------------------------------------------------

--
-- Table structure for table `pm_message`
--

DROP TABLE IF EXISTS `pm_message`;
CREATE TABLE IF NOT EXISTS `pm_message` (
  `id` int(11) NOT NULL AUTO_INCREMENT,
  `add_date` int(11) DEFAULT NULL,
  `edit_date` int(11) DEFAULT NULL,
  `name` varchar(100) DEFAULT NULL,
  `email` varchar(100) DEFAULT NULL,
  `address` longtext,
  `phone` varchar(100) DEFAULT NULL,
  `subject` varchar(250) DEFAULT NULL,
  `msg` longtext,
  PRIMARY KEY (`id`)
) ENGINE=InnoDB DEFAULT CHARSET=utf8;

-- --------------------------------------------------------

--
-- Table structure for table `pm_package`
--

DROP TABLE IF EXISTS `pm_package`;
CREATE TABLE IF NOT EXISTS `pm_package` (
  `id` int(11) NOT NULL AUTO_INCREMENT,
  `users` text,
  `name` varchar(50) DEFAULT NULL,
  `days` text,
  `min_nights` int(11) DEFAULT NULL,
  `max_nights` int(11) DEFAULT NULL,
  `day_start` int(11) DEFAULT NULL,
  `day_end` int(11) DEFAULT NULL,
  PRIMARY KEY (`id`)
) ENGINE=InnoDB AUTO_INCREMENT=7 DEFAULT CHARSET=utf8;

--
-- Dumping data for table `pm_package`
--

INSERT INTO `pm_package` (`id`, `users`, `name`, `days`, `min_nights`, `max_nights`, `day_start`, `day_end`) VALUES
(1, '1', 'Week-end', '5,6,7', 0, 0, NULL, NULL),
(2, '1', 'Night', '1,2,3,4,5,6,7', 0, 0, NULL, NULL),
(3, '1', 'Mid-week', '1,2,3,4,5', 3, 4, NULL, NULL),
(4, '1', '2 nights', '1,2,3,4', 2, 2, NULL, NULL),
(6, '1', 'Week', '1,2,3,4,5,6,7', 7, 0, NULL, NULL);

-- --------------------------------------------------------

--
-- Table structure for table `pm_page`
--

DROP TABLE IF EXISTS `pm_page`;
CREATE TABLE IF NOT EXISTS `pm_page` (
  `id` int(11) NOT NULL AUTO_INCREMENT,
  `lang` int(11) NOT NULL,
  `name` varchar(50) DEFAULT NULL,
  `title` varchar(250) DEFAULT NULL,
  `subtitle` varchar(250) DEFAULT NULL,
  `title_tag` varchar(250) DEFAULT NULL,
  `alias` varchar(100) DEFAULT NULL,
  `descr` longtext,
  `robots` varchar(20) DEFAULT NULL,
  `keywords` varchar(250) DEFAULT NULL,
  `intro` longtext,
  `text` longtext,
  `id_parent` int(11) DEFAULT NULL,
  `page_model` varchar(50) DEFAULT NULL,
  `article_model` varchar(50) DEFAULT NULL,
  `home` int(11) DEFAULT '0',
  `checked` int(11) DEFAULT '0',
  `rank` int(11) DEFAULT '0',
  `add_date` int(11) DEFAULT NULL,
  `edit_date` int(11) DEFAULT NULL,
  `comment` int(11) DEFAULT '0',
  `rating` int(11) DEFAULT '0',
  `system` int(11) DEFAULT '0',
  PRIMARY KEY (`id`,`lang`),
  KEY `page_lang_fkey` (`lang`)
) ENGINE=InnoDB AUTO_INCREMENT=19 DEFAULT CHARSET=utf8;

--
-- Dumping data for table `pm_page`
--

INSERT INTO `pm_page` (`id`, `lang`, `name`, `title`, `subtitle`, `title_tag`, `alias`, `descr`, `robots`, `keywords`, `intro`, `text`, `id_parent`, `page_model`, `article_model`, `home`, `checked`, `rank`, `add_date`, `edit_date`, `comment`, `rating`, `system`) VALUES
(1, 1, 'Accueil', 'Lorem ipsum dolor sit amet', 'Consectetur adipiscing elit', 'Accueil', '', '', 'index,follow', '', '', '', NULL, 'home', '', 1, 1, 1, 1545101579, 1545101579, 0, 0, 0),
(1, 2, 'Home', 'Panda Multi Resorts, Luxury Hotels', '', 'Panda Multi Resorts, web software to create and manage multi hotels platforms', '', '', 'index,follow', '', '', '<blockquote class=\"text-center\">\r\n<p>A man travels the world over in search of what he needs and returns home to find it.</p>\r\n</blockquote>\r\n\r\n<p class=\"text-muted\" style=\"text-align: center;\">- George A. Moore -</p>\r\n', NULL, 'home', '', 1, 1, 1, 1545101579, 1545101579, 0, 0, 0),
(1, 3, '', '   , .', '    ,     .', '', '', '', 'index,follow', '', '', '', NULL, 'home', '', 1, 1, 1, 1545101579, 1545101579, 0, 0, 0),
(2, 1, 'Contact', 'Contact', '', 'Contact', 'contact', '', 'index,follow', '', '', '', NULL, 'contact', '', 0, 1, 11, 1545101579, 1545101579, 0, 0, 0),
(2, 2, 'Contact', 'Contact', '', 'Contact', 'contact', '', 'index,follow', '', '', '', NULL, 'contact', '', 0, 1, 11, 1545101579, 1545101579, 0, 0, 0),
(2, 3, ' ', ' ', '', ' ', 'contact', '', 'index,follow', '', '', '', NULL, 'contact', '', 0, 1, 11, 1545101579, 1545101579, 0, 0, 0),
(3, 1, 'Mentions lgales', 'Mentions lgales', '', 'Mentions lgales', 'mentions-legales', '', 'index,follow', '', '', '', NULL, 'page', '', 0, 1, 12, 1545101579, 1545101579, 0, 0, 0),
(3, 2, 'Legal notices', 'Legal notices', '', 'Legal notices', 'legal-notices', '', 'index,follow', '', '', '', NULL, 'page', '', 0, 1, 12, 1545101579, 1545101579, 0, 0, 0),
(3, 3, ' ', ' ', '', ' ', 'legal-notices', '', 'index,follow', '', '', '', NULL, 'page', '', 0, 1, 12, 1545101579, 1545101579, 0, 0, 0),
(4, 1, 'Plan du site', 'Plan du site', '', 'Plan du site', 'plan-site', '', 'index,follow', '', '', '', NULL, 'sitemap', '', 0, 1, 13, 1545101579, 1545101579, 0, 0, 0),
(4, 2, 'Sitemap', 'Sitemap', '', 'Sitemap', 'sitemap', '', 'index,follow', '', '', '', NULL, 'sitemap', '', 0, 1, 13, 1545101579, 1545101579, 0, 0, 0),
(4, 3, ' ', ' ', '', ' ', 'sitemap', '', 'index,follow', '', '', '', NULL, 'sitemap', '', 0, 1, 13, 1545101579, 1545101579, 0, 0, 0),
(5, 1, 'Qui sommes-nous ?', 'Qui sommes-nous ?', '', 'Qui sommes-nous ?', 'qui-sommes-nous', '', 'index,follow', '', '', '', NULL, 'page', 'article', 0, 1, 2, 1545101579, 1545101579, 0, 0, 0),
(5, 2, 'About us', 'About us', '', 'About us', 'about-us', '', 'index,follow', '', '', '<p>Lorem ipsum dolor sit amet, consectetur adipiscing elit. Quisque fringilla vel est at rhoncus. Cras porttitor ligula vel magna vehicula accumsan. Mauris eget elit et sem commodo interdum. Aenean dolor sem, tincidunt ac neque tempus, hendrerit blandit lacus. Vivamus placerat nulla in mi tristique, fringilla fermentum nisl vehicula. Nullam quis eros non magna tincidunt interdum ac eu eros. Morbi malesuada pulvinar ultrices. Etiam bibendum efficitur risus, sit amet venenatis urna ullamcorper non. Proin fermentum malesuada tortor, vitae mattis sem scelerisque in. Curabitur rutrum leo at mi efficitur suscipit. Vivamus tristique lorem eros, sit amet malesuada augue sodales sed.</p>\r\n', NULL, 'page', 'article', 0, 1, 2, 1545101579, 1545101579, 0, 0, 0),
(5, 3, ' ', ' ', '', ' ', 'about us', '', 'index,follow', '', '', '', NULL, 'page', 'article', 0, 1, 2, 1545101579, 1545101579, 0, 0, 0),
(6, 1, 'Recherche', 'Recherche', '', 'Recherche', 'search', '', 'noindex,nofollow', '', '', '', NULL, 'search', '', 0, 1, 14, 1545101579, 1545101579, 0, 0, 1),
(6, 2, 'Search', 'Search', '', 'Search', 'search', '', 'noindex,nofollow', '', '', '', NULL, 'search', '', 0, 1, 14, 1545101579, 1545101579, 0, 0, 1),
(6, 3, '', '', '', '', 'search', '', 'noindex,nofollow', '', '', '', NULL, 'search', '', 0, 1, 14, 1545101579, 1545101579, 0, 0, 1),
(7, 1, 'Galerie', 'Galerie', '', 'Galerie', 'galerie', '', 'index,follow', '', '', '', NULL, 'page', 'gallery', 0, 1, 5, 1545101579, 1545101579, 0, 0, 0),
(7, 2, 'Gallery', 'Gallery', '', 'Gallery', 'gallery', '', 'index,follow', '', '', '', NULL, 'page', 'gallery', 0, 1, 5, 1545101579, 1545101579, 0, 0, 0),
(7, 3, ' ', ' ', '', ' ', 'gallery', '', 'index,follow', '', '', '', NULL, 'page', 'gallery', 0, 1, 5, 1545101579, 1545101579, 0, 0, 0),
(8, 1, '404', 'Erreur 404 : Page introuvable !', '', '404 Page introuvable', '404', '', 'noindex,nofollow', '', '', '<p>L\'URL demande n\'a pas t trouve sur ce serveur.<br />\r\nLa page que vous voulez afficher n\'existe pas, ou est temporairement indisponible.</p>\r\n\r\n<p>Merci d\'essayer les actions suivantes :</p>\r\n\r\n<ul>\r\n    <li>Assurez-vous que l\'URL dans la barre d\'adresse de votre navigateur est correctement orthographie et formate.</li>\r\n    <li>Si vous avez atteint cette page en cliquant sur un lien ou si vous pensez que cela concerne une erreur du serveur, contactez l\'administrateur pour l\'alerter.</li>\r\n</ul>\r\n', NULL, '404', '', 0, 1, 15, 1545101579, 1545101579, 0, 0, 1),
(8, 2, '404', '404 Error: Page not found!', '', '404 Not Found', '404', '', 'noindex,nofollow', '', '', '<p>The wanted URL was not found on this server.<br />\r\nThe page you wish to display does not exist, or is temporarily unavailable.</p>\r\n\r\n<p>Thank you for trying the following actions :</p>\r\n\r\n<ul>\r\n    <li>Be sure the URL in the address bar of your browser is correctly spelt and formated.</li>\r\n    <li>If you reached this page by clicking a link or if you think that it is about an error of the server, contact the administrator to alert him.</li>\r\n</ul>\r\n', NULL, '404', '', 0, 1, 15, 1545101579, 1545101579, 0, 0, 1),
(8, 3, '404', '404 Error: Page not found!', '', '404 Not Found', '404', '', 'noindex,nofollow', '', '', '', NULL, '404', '', 0, 1, 15, 1545101579, 1545101579, 0, 0, 1),
(9, 1, 'Htels', 'Htels', '', 'Htels', 'hotels', '', 'index,follow', '', '', '', NULL, 'hotels', 'hotel', 0, 1, 3, 1545101579, 1545101579, 0, 0, 1),
(9, 2, 'Hotels', 'Hotels', '', 'Hotels', 'hotels', '', 'index,follow', '', '', '', NULL, 'hotels', 'hotel', 0, 1, 3, 1545101579, 1545101579, 0, 0, 1),
(9, 3, '', '', '', '', 'hotels', '', 'index,follow', '', '', '', NULL, 'hotels', 'hotel', 0, 1, 3, 1545101579, 1545101579, 0, 0, 1),
(10, 1, 'Rserver', 'Rserver', '', 'Rserver', 'reserver', '', 'index,nofollow', '', '', '', NULL, 'booking', 'booking', 0, 1, 6, 1545101579, 1545101579, 0, 0, 1),
(10, 2, 'Booking', 'Booking', '', 'Booking', 'booking', '', 'index,nofollow', '', '', '', NULL, 'booking', 'booking', 0, 1, 6, 1545101579, 1545101579, 0, 0, 1),
(10, 3, '', '', '', '', 'booking', '', 'index,nofollow', '', '', '', NULL, 'booking', 'booking', 0, 1, 6, 1545101579, 1545101579, 0, 0, 1),
(11, 1, 'Coordonnes', 'Coordonnes', '', 'Coordonnes', 'coordonnees', '', 'noindex,nofollow', '', '', '', 10, 'details', '', 0, 1, 8, 1545101579, 1545101579, 0, 0, 1),
(11, 2, 'Details', 'Booking details', '', 'Booking details', 'booking-details', '', 'noindex,nofollow', '', '', '', 10, 'details', '', 0, 1, 8, 1545101579, 1545101579, 0, 0, 1),
(11, 3, ' ', ' ', '', ' ', 'booking-details', '', 'noindex,nofollow', '', '', '', 10, 'details', '', 0, 1, 8, 1545101579, 1545101579, 0, 0, 1),
(12, 1, 'Paiement', 'Paiement', '', 'Paiement', 'paiement', '', 'noindex,nofollow', '', '', '', 13, 'payment', '', 0, 1, 10, 1545101579, 1545101579, 0, 0, 1),
(12, 2, 'Payment', 'Payment', '', 'Payment', 'payment', '', 'noindex,nofollow', '', '', '', 13, 'payment', '', 0, 1, 10, 1545101579, 1545101579, 0, 0, 1),
(12, 3, '', '', '', '', 'payment', '', 'noindex,nofollow', '', '', '', 13, 'payment', '', 0, 1, 10, 1545101579, 1545101579, 0, 0, 1),
(13, 1, 'Rsum de la rservation', 'Rsum de la rservation', '', 'Rsum de la rservation', 'resume-reservation', '', 'noindex,nofollow', '', '', '', 11, 'summary', '', 0, 1, 9, 1545101579, 1545101579, 0, 0, 1),
(13, 2, 'Summary', 'Booking summary', '', 'Booking summary', 'booking-summary', '', 'noindex,nofollow', '', '', '', 11, 'summary', '', 0, 1, 9, 1545101579, 1545101579, 0, 0, 1),
(13, 3, ' ', ' ', '', ' ', 'booking-summary', '', 'noindex,nofollow', '', '', '', 11, 'summary', '', 0, 1, 9, 1545101579, 1545101579, 0, 0, 1),
(14, 1, 'Espace client', 'Espace client', '', 'Espace client', 'espace-client', '', 'noindex,nofollow', '', '', '', NULL, 'account', '', 0, 1, 16, 1545101579, 1545101579, 0, 0, 1),
(14, 2, 'Account', 'Account', '', 'Account', 'account', '', 'noindex,nofollow', '', '', '', NULL, 'account', '', 0, 1, 16, 1545101579, 1545101579, 0, 0, 1),
(14, 3, 'Account', 'Account', '', 'Account', 'account', '', 'noindex,nofollow', '', '', '', NULL, 'account', '', 0, 1, 16, 1545101579, 1545101579, 0, 0, 1),
(15, 1, 'Activits', 'Activits', '', 'Activits', 'reservation-activitees', '', 'noindex,nofollow', '', '', '', 10, 'booking-activities', '', 0, 1, 7, 1545101579, 1545101579, 0, 0, 1),
(15, 2, 'Activities', 'Activities', '', 'Activities', 'booking-activities', '', 'noindex,nofollow', '', '', '', 10, 'booking-activities', '', 0, 1, 7, 1545101579, 1545101579, 0, 0, 1),
(15, 3, 'Activities', 'Activities', '', 'Activities', 'booking-activities', '', 'noindex,nofollow', '', '', '', 10, 'booking-activities', '', 0, 1, 7, 1545101579, 1545101579, 0, 0, 1),
(16, 1, 'Activits', 'Activits', '', 'Activits', 'activitees', '', 'index,follow', '', '', '', NULL, 'activities', 'activity', 0, 1, 4, 1545101579, 1545101579, 0, 0, 1),
(16, 2, 'Activities', 'Activities', '', 'Activities', 'activities', '', 'index,follow', '', '', '', NULL, 'activities', 'activity', 0, 1, 4, 1545101579, 1545101579, 0, 0, 1),
(16, 3, 'Activities', 'Activities', '', 'Activities', 'activities', '', 'index,follow', '', '', '', NULL, 'activities', 'activity', 0, 1, 4, 1545101579, 1545101579, 0, 0, 1),
(17, 1, 'Blog', 'Blog', '', 'Blog', 'blog', '', 'index,follow', '', '', '', NULL, 'blog', 'article-blog', 0, 1, 12, 1545101579, 1545101579, 0, 0, 0),
(17, 2, 'Blog', 'Blog', '', 'Blog', 'blog', '', 'index,follow', '', '', '', NULL, 'blog', 'article-blog', 0, 1, 12, 1545101579, 1545101579, 0, 0, 0),
(17, 3, '', '', '', '', 'blog', '', 'index,follow', '', '', '', NULL, 'blog', 'article-blog', 0, 1, 12, 1545101579, 1545101579, 0, 0, 0),
(18, 1, 'Destinations', 'Destinations', '', 'Destinations', 'destinations', '', 'index,follow', '', '', '', NULL, 'destinations', '', 0, 1, 7, 1545101579, 1545101579, 0, 0, 1),
(18, 2, 'Destinations', 'Destinations', '', 'Destinations', 'destinations', '', 'index,follow', '', '', '', NULL, 'destinations', '', 0, 1, 7, 1545101579, 1545101579, 0, 0, 1),
(18, 3, '', '', '', '', 'destinations', '', 'index,follow', '', '', '', NULL, 'destinations', '', 0, 1, 7, 1545101579, 1545101579, 0, 0, 1);

-- --------------------------------------------------------

--
-- Table structure for table `pm_page_file`
--

DROP TABLE IF EXISTS `pm_page_file`;
CREATE TABLE IF NOT EXISTS `pm_page_file` (
  `id` int(11) NOT NULL AUTO_INCREMENT,
  `lang` int(11) NOT NULL,
  `id_item` int(11) NOT NULL,
  `home` int(11) DEFAULT '0',
  `checked` int(11) DEFAULT '1',
  `rank` int(11) DEFAULT '0',
  `file` varchar(250) DEFAULT NULL,
  `label` varchar(250) DEFAULT NULL,
  `type` varchar(20) DEFAULT NULL,
  PRIMARY KEY (`id`,`lang`),
  KEY `page_file_fkey` (`id_item`,`lang`),
  KEY `page_file_lang_fkey` (`lang`)
) ENGINE=InnoDB DEFAULT CHARSET=utf8;

-- --------------------------------------------------------

--
-- Table structure for table `pm_rate`
--

DROP TABLE IF EXISTS `pm_rate`;
CREATE TABLE IF NOT EXISTS `pm_rate` (
  `id` int(11) NOT NULL AUTO_INCREMENT,
  `id_room` int(11) NOT NULL,
  `id_hotel` int(11) DEFAULT NULL,
  `id_package` int(11) NOT NULL,
  `users` text,
  `start_date` int(11) DEFAULT NULL,
  `end_date` int(11) DEFAULT NULL,
  `price` double DEFAULT '0',
  `child_price` double DEFAULT '0',
  `discount` double DEFAULT '0',
  `discount_type` varchar(10) DEFAULT 'rate',
  `people` int(11) DEFAULT NULL,
  `price_sup` double DEFAULT NULL,
  `fixed_sup` double DEFAULT NULL,
  `id_tax` int(11) DEFAULT NULL,
  `taxes` text,
  PRIMARY KEY (`id`),
  KEY `rate_room_fkey` (`id_room`)
) ENGINE=InnoDB DEFAULT CHARSET=utf8;

-- --------------------------------------------------------

--
-- Table structure for table `pm_room`
--

DROP TABLE IF EXISTS `pm_room`;
CREATE TABLE IF NOT EXISTS `pm_room` (
  `id` int(11) NOT NULL AUTO_INCREMENT,
  `lang` int(11) NOT NULL,
  `id_hotel` int(11) NOT NULL,
  `users` text,
  `max_children` int(11) DEFAULT '1',
  `max_adults` int(11) DEFAULT '1',
  `max_people` int(11) DEFAULT NULL,
  `min_people` int(11) DEFAULT NULL,
  `title` varchar(250) DEFAULT NULL,
  `subtitle` varchar(250) DEFAULT NULL,
  `alias` varchar(100) DEFAULT NULL,
  `descr` longtext,
  `facilities` text,
  `stock` int(11) DEFAULT '1',
  `price` double DEFAULT '0',
  `home` int(11) DEFAULT '0',
  `checked` int(11) DEFAULT '0',
  `rank` int(11) DEFAULT '0',
  `start_lock` int(11) DEFAULT NULL,
  `end_lock` int(11) DEFAULT NULL,
  PRIMARY KEY (`id`,`lang`),
  KEY `room_lang_fkey` (`lang`),
  KEY `room_hotel_fkey` (`id_hotel`,`lang`)
) ENGINE=InnoDB AUTO_INCREMENT=2 DEFAULT CHARSET=utf8;

--
-- Dumping data for table `pm_room`
--

INSERT INTO `pm_room` (`id`, `lang`, `id_hotel`, `users`, `max_children`, `max_adults`, `max_people`, `min_people`, `title`, `subtitle`, `alias`, `descr`, `facilities`, `stock`, `price`, `home`, `checked`, `rank`, `start_lock`, `end_lock`) VALUES
(1, 1, 1, '1', 2, 2, 2, 1, 'Chambre Double Deluxe', 'Petit-djeuner inclus', 'chambre-double-deluxe', '<p>Lorem ipsum dolor sit amet, consectetur adipiscing elit. Morbi ut eleifend diam. Etiam molestie quam at nunc tempus, ac porttitor ante rutrum. Donec ipsum orci, molestie sit amet nibh a, accumsan varius nisl. Suspendisse blandit efficitur interdum. Nulla auctor tortor eu volutpat imperdiet. Nam at tempus sapien, sit amet porttitor neque. Nam lacinia ex libero, vel egestas ante vehicula nec.</p>\r\n\r\n<p>Sed sed dignissim est. Donec egestas nisl eu congue rhoncus. Nulla finibus malesuada mauris, et pellentesque diam scelerisque non. Duis auctor dapibus augue sed malesuada. Nam placerat at libero quis aliquam. Phasellus quam orci, dapibus sit amet finibus a, convallis volutpat arcu. Nullam condimentum quam id urna scelerisque varius. Duis a metus metus.</p>\r\n', '1,5,11,13,17,18,21,23,24,25,27,28,29,32', 4, 145, 1, 1, 1, NULL, NULL),
(1, 2, 1, '1', 2, 2, 2, 1, 'Deluxe Double Bedroom', 'Breakfast included', 'deluxe-double-bedroom', '<p>Lorem ipsum dolor sit amet, consectetur adipiscing elit. Morbi ut eleifend diam. Etiam molestie quam at nunc tempus, ac porttitor ante rutrum. Donec ipsum orci, molestie sit amet nibh a, accumsan varius nisl. Suspendisse blandit efficitur interdum. Nulla auctor tortor eu volutpat imperdiet. Nam at tempus sapien, sit amet porttitor neque. Nam lacinia ex libero, vel egestas ante vehicula nec.</p>\r\n\r\n<p>Sed sed dignissim est. Donec egestas nisl eu congue rhoncus. Nulla finibus malesuada mauris, et pellentesque diam scelerisque non. Duis auctor dapibus augue sed malesuada. Nam placerat at libero quis aliquam. Phasellus quam orci, dapibus sit amet finibus a, convallis volutpat arcu. Nullam condimentum quam id urna scelerisque varius. Duis a metus metus.</p>\r\n', '1,5,11,13,17,18,21,23,24,25,27,28,29,32', 4, 145, 1, 1, 1, NULL, NULL),
(1, 3, 1, '1', 2, 2, 2, 1, 'Deluxe Double Bedroom', 'Breakfast included', 'deluxe-double-bedroom', '<p>Lorem ipsum dolor sit amet, consectetur adipiscing elit. Morbi ut eleifend diam. Etiam molestie quam at nunc tempus, ac porttitor ante rutrum. Donec ipsum orci, molestie sit amet nibh a, accumsan varius nisl. Suspendisse blandit efficitur interdum. Nulla auctor tortor eu volutpat imperdiet. Nam at tempus sapien, sit amet porttitor neque. Nam lacinia ex libero, vel egestas ante vehicula nec.</p>\r\n\r\n<p>Sed sed dignissim est. Donec egestas nisl eu congue rhoncus. Nulla finibus malesuada mauris, et pellentesque diam scelerisque non. Duis auctor dapibus augue sed malesuada. Nam placerat at libero quis aliquam. Phasellus quam orci, dapibus sit amet finibus a, convallis volutpat arcu. Nullam condimentum quam id urna scelerisque varius. Duis a metus metus.</p>\r\n', '1,5,11,13,17,18,21,23,24,25,27,28,29,32', 4, 145, 1, 1, 1, NULL, NULL);

-- --------------------------------------------------------

--
-- Table structure for table `pm_room_file`
--

DROP TABLE IF EXISTS `pm_room_file`;
CREATE TABLE IF NOT EXISTS `pm_room_file` (
  `id` int(11) NOT NULL AUTO_INCREMENT,
  `lang` int(11) NOT NULL,
  `id_item` int(11) NOT NULL,
  `home` int(11) DEFAULT '0',
  `checked` int(11) DEFAULT '1',
  `rank` int(11) DEFAULT '0',
  `file` varchar(250) DEFAULT NULL,
  `label` varchar(250) DEFAULT NULL,
  `type` varchar(20) DEFAULT NULL,
  PRIMARY KEY (`id`,`lang`),
  KEY `room_file_fkey` (`id_item`,`lang`),
  KEY `room_file_lang_fkey` (`lang`)
) ENGINE=InnoDB AUTO_INCREMENT=2 DEFAULT CHARSET=utf8;

--
-- Dumping data for table `pm_room_file`
--

INSERT INTO `pm_room_file` (`id`, `lang`, `id_item`, `home`, `checked`, `rank`, `file`, `label`, `type`) VALUES
(1, 1, 1, 0, 1, 1, 'deluxe-double-room.jpg', '', 'image'),
(1, 2, 1, 0, 1, 1, 'deluxe-double-room.jpg', '', 'image'),
(1, 3, 1, 0, 1, 1, 'deluxe-double-room.jpg', '', 'image');

-- --------------------------------------------------------

--
-- Table structure for table `pm_room_lock`
--

DROP TABLE IF EXISTS `pm_room_lock`;
CREATE TABLE IF NOT EXISTS `pm_room_lock` (
  `id` int(11) NOT NULL AUTO_INCREMENT,
  `id_room` int(11) DEFAULT NULL,
  `from_date` int(11) DEFAULT NULL,
  `to_date` int(11) DEFAULT NULL,
  `add_date` int(11) DEFAULT NULL,
  `sessid` varchar(50) DEFAULT NULL,
  PRIMARY KEY (`id`),
  KEY `room_lock_fkey` (`id_room`)
) ENGINE=InnoDB DEFAULT CHARSET=utf8;

-- --------------------------------------------------------

--
-- Table structure for table `pm_service`
--

DROP TABLE IF EXISTS `pm_service`;
CREATE TABLE IF NOT EXISTS `pm_service` (
  `id` int(11) NOT NULL AUTO_INCREMENT,
  `lang` int(11) NOT NULL,
  `users` text,
  `title` varchar(250) DEFAULT NULL,
  `descr` text,
  `long_descr` text,
  `type` varchar(50) DEFAULT NULL,
  `rooms` varchar(250) DEFAULT NULL,
  `price` double DEFAULT NULL,
  `id_tax` int(11) DEFAULT NULL,
  `taxes` text,
  `mandatory` int(11) DEFAULT '0',
  `start_date` int(11) DEFAULT NULL,
  `end_date` int(11) DEFAULT NULL,
  `checked` int(11) DEFAULT '0',
  `rank` int(11) DEFAULT '0',
  PRIMARY KEY (`id`,`lang`),
  KEY `service_lang_fkey` (`lang`)
) ENGINE=InnoDB AUTO_INCREMENT=5 DEFAULT CHARSET=utf8;

--
-- Dumping data for table `pm_service`
--

INSERT INTO `pm_service` (`id`, `lang`, `users`, `title`, `descr`, `long_descr`, `type`, `rooms`, `price`, `id_tax`, `taxes`, `mandatory`, `start_date`, `end_date`, `checked`, `rank`) VALUES
(1, 1, '1', 'Set de toilette', '1 serviette de toilette, 1 drap de douche, 1 tapis', '', 'qty-night', '4,1,3,2', 7, 1, '', 0, NULL, NULL, 1, 1),
(1, 2, '1', 'Rent of towel (kit)', '1 hand towel, 1 bath towel, 1 bath mat', '', 'qty-night', '4,1,3,2', 7, 1, '', 0, NULL, NULL, 1, 1),
(1, 3, '1', 'Rent of towel (kit)', '1 hand towel, 1 bath towel, 1 bath mat', '', 'qty-night', '4,1,3,2', 7, 1, '', 0, NULL, NULL, 1, 1),
(2, 1, '1', 'Mnage', '', '', 'package', '1,3,2', 50, 1, '', 0, NULL, NULL, 1, 2),
(2, 2, '1', 'Housework', '', '', 'package', '1,3,2', 50, 1, '', 0, NULL, NULL, 1, 2),
(2, 3, '1', 'Housework', '', '', 'package', '1,3,2', 50, 1, '', 0, NULL, NULL, 1, 2),
(3, 1, '1', 'Chauffage', '', '', 'night', '1,3,2', 8, 1, '', 0, NULL, NULL, 1, 3),
(3, 2, '1', 'Heating', '', '', 'night', '1,3,2', 8, 1, '', 0, NULL, NULL, 1, 3),
(3, 3, '1', 'Heating', '', '', 'night', '1,3,2', 8, 1, '', 0, NULL, NULL, 1, 3),
(4, 1, '1', 'Animal domestique', 'Prcisez la race ci-dessous', '', 'qty-night', '4,1,3,2', 5, 1, '', 0, NULL, NULL, 1, 4),
(4, 2, '1', 'Pet', 'Specify the breed below', '', 'qty-night', '4,1,3,2', 5, 1, '', 0, NULL, NULL, 1, 4),
(4, 3, '1', 'Pet', 'Specify the breed below', '', 'qty-night', '4,1,3,2', 5, 1, '', 0, NULL, NULL, 1, 4);

-- --------------------------------------------------------

--
-- Table structure for table `pm_slide`
--

DROP TABLE IF EXISTS `pm_slide`;
CREATE TABLE IF NOT EXISTS `pm_slide` (
  `id` int(11) NOT NULL AUTO_INCREMENT,
  `lang` int(11) NOT NULL,
  `legend` text,
  `url` varchar(250) DEFAULT NULL,
  `id_page` int(11) DEFAULT NULL,
  `checked` int(11) DEFAULT '0',
  `rank` int(11) DEFAULT '0',
  PRIMARY KEY (`id`,`lang`),
  KEY `slide_lang_fkey` (`lang`),
  KEY `slide_page_fkey` (`id_page`,`lang`)
) ENGINE=InnoDB AUTO_INCREMENT=4 DEFAULT CHARSET=utf8;

--
-- Dumping data for table `pm_slide`
--

INSERT INTO `pm_slide` (`id`, `lang`, `legend`, `url`, `id_page`, `checked`, `rank`) VALUES
(1, 1, '', '', 1, 1, 2),
(1, 2, '<h1>Book your holydays with Panda Multi Resorts</h1>\r\n\r\n<h2>Fast, Easy and Powerfull</h2>\r\n', '', 1, 1, 2),
(1, 3, '', '', 1, 1, 2),
(2, 1, '', '', 1, 1, 3),
(2, 2, '<h1>A dream stay at the best price</h1>\r\n\r\n<h2>Best price guarantee</h2>\r\n', '', 1, 1, 3),
(2, 3, '', '', 1, 1, 3),
(3, 1, '', '', 1, 1, 1),
(3, 2, '<h1>Find Hotels, Activities and Tours</h1>\r\n\r\n<h2>Your whole vacation starts here</h2>\r\n', '', 1, 1, 1),
(3, 3, '', '', 1, 1, 1);

-- --------------------------------------------------------

--
-- Table structure for table `pm_slide_file`
--

DROP TABLE IF EXISTS `pm_slide_file`;
CREATE TABLE IF NOT EXISTS `pm_slide_file` (
  `id` int(11) NOT NULL AUTO_INCREMENT,
  `lang` int(11) NOT NULL,
  `id_item` int(11) NOT NULL,
  `home` int(11) DEFAULT '0',
  `checked` int(11) DEFAULT '1',
  `rank` int(11) DEFAULT '0',
  `file` varchar(250) DEFAULT NULL,
  `label` varchar(250) DEFAULT NULL,
  `type` varchar(20) DEFAULT NULL,
  PRIMARY KEY (`id`,`lang`),
  KEY `slide_file_fkey` (`id_item`,`lang`),
  KEY `slide_file_lang_fkey` (`lang`)
) ENGINE=InnoDB AUTO_INCREMENT=7 DEFAULT CHARSET=utf8;

--
-- Dumping data for table `pm_slide_file`
--

INSERT INTO `pm_slide_file` (`id`, `lang`, `id_item`, `home`, `checked`, `rank`, `file`, `label`, `type`) VALUES
(3, 1, 1, 0, 1, 2, 'slide1.jpg', '', 'image'),
(3, 2, 1, 0, 1, 2, 'slide1.jpg', '', 'image'),
(3, 3, 1, 0, 1, 2, 'slide1.jpg', '', 'image'),
(4, 1, 2, 0, 1, 3, 'slide2.jpg', '', 'image'),
(4, 2, 2, 0, 1, 3, 'slide2.jpg', '', 'image'),
(4, 3, 2, 0, 1, 3, 'slide2.jpg', '', 'image'),
(6, 1, 3, 0, 1, 4, 'slide3.jpg', '', 'image'),
(6, 2, 3, 0, 1, 4, 'slide3.jpg', '', 'image'),
(6, 3, 3, 0, 1, 4, 'slide3.jpg', '', 'image');

-- --------------------------------------------------------

--
-- Table structure for table `pm_social`
--

DROP TABLE IF EXISTS `pm_social`;
CREATE TABLE IF NOT EXISTS `pm_social` (
  `id` int(11) NOT NULL AUTO_INCREMENT,
  `type` varchar(50) DEFAULT NULL,
  `url` text,
  `checked` int(11) DEFAULT '1',
  `rank` int(11) DEFAULT '0',
  PRIMARY KEY (`id`)
) ENGINE=InnoDB DEFAULT CHARSET=utf8;

-- --------------------------------------------------------

--
-- Table structure for table `pm_tag`
--

DROP TABLE IF EXISTS `pm_tag`;
CREATE TABLE IF NOT EXISTS `pm_tag` (
  `id` int(11) NOT NULL AUTO_INCREMENT,
  `lang` int(11) NOT NULL,
  `value` varchar(250) DEFAULT NULL,
  `pages` varchar(250) DEFAULT NULL,
  `checked` int(11) DEFAULT '0',
  `rank` int(11) DEFAULT '0',
  PRIMARY KEY (`id`,`lang`),
  KEY `tag_lang_fkey` (`lang`)
) ENGINE=InnoDB DEFAULT CHARSET=utf8;

-- --------------------------------------------------------

--
-- Table structure for table `pm_tax`
--

DROP TABLE IF EXISTS `pm_tax`;
CREATE TABLE IF NOT EXISTS `pm_tax` (
  `id` int(11) NOT NULL AUTO_INCREMENT,
  `lang` int(11) NOT NULL,
  `name` varchar(50) DEFAULT NULL,
  `value` double DEFAULT '0',
  `checked` int(11) DEFAULT '0',
  `rank` int(11) DEFAULT '0',
  PRIMARY KEY (`id`,`lang`),
  KEY `tax_lang_fkey` (`lang`)
) ENGINE=InnoDB AUTO_INCREMENT=2 DEFAULT CHARSET=utf8;

--
-- Dumping data for table `pm_tax`
--

INSERT INTO `pm_tax` (`id`, `lang`, `name`, `value`, `checked`, `rank`) VALUES
(1, 1, 'TVA', 10, 1, 1),
(1, 2, 'VAT', 10, 1, 1),
(1, 3, 'VAT', 10, 1, 1);

-- --------------------------------------------------------

--
-- Table structure for table `pm_text`
--

DROP TABLE IF EXISTS `pm_text`;
CREATE TABLE IF NOT EXISTS `pm_text` (
  `id` int(11) NOT NULL AUTO_INCREMENT,
  `lang` int(11) NOT NULL,
  `name` varchar(50) DEFAULT NULL,
  `value` text,
  PRIMARY KEY (`id`,`lang`),
  KEY `text_lang_fkey` (`lang`)
) ENGINE=InnoDB AUTO_INCREMENT=179 DEFAULT CHARSET=utf8;

--
-- Dumping data for table `pm_text`
--

INSERT INTO `pm_text` (`id`, `lang`, `name`, `value`) VALUES
(1, 1, 'CREATION', 'Cration'),
(1, 2, 'CREATION', 'Creation'),
(1, 3, 'CREATION', ''),
(2, 1, 'MESSAGE', 'Message'),
(2, 2, 'MESSAGE', 'Message'),
(2, 3, 'MESSAGE', ''),
(3, 1, 'EMAIL', 'E-mail'),
(3, 2, 'EMAIL', 'E-mail'),
(3, 3, 'EMAIL', ' '),
(4, 1, 'PHONE', 'Tl.'),
(4, 2, 'PHONE', 'Phone'),
(4, 3, 'PHONE', ' '),
(5, 1, 'FAX', 'Fax'),
(5, 2, 'FAX', 'Fax'),
(5, 3, 'FAX', ''),
(6, 1, 'COMPANY', 'Socit'),
(6, 2, 'COMPANY', 'Company'),
(6, 3, 'COMPANY', ''),
(7, 1, 'COPY_CODE', 'Recopiez le code'),
(7, 2, 'COPY_CODE', 'Copy the code'),
(7, 3, 'COPY_CODE', ' '),
(8, 1, 'SUBJECT', 'Sujet'),
(8, 2, 'SUBJECT', 'Subject'),
(8, 3, 'SUBJECT', ''),
(9, 1, 'REQUIRED_FIELD', 'Champ requis'),
(9, 2, 'REQUIRED_FIELD', 'Required field'),
(9, 3, 'REQUIRED_FIELD', ' '),
(10, 1, 'INVALID_CAPTCHA_CODE', 'Le code de scurit saisi est incorrect'),
(10, 2, 'INVALID_CAPTCHA_CODE', 'Invalid security code'),
(10, 3, 'INVALID_CAPTCHA_CODE', '    '),
(11, 1, 'INVALID_EMAIL', 'Adresse e-mail invalide'),
(11, 2, 'INVALID_EMAIL', 'Invalid email address'),
(11, 3, 'INVALID_EMAIL', '  '),
(12, 1, 'FIRSTNAME', 'Prnom'),
(12, 2, 'FIRSTNAME', 'Firstname'),
(12, 3, 'FIRSTNAME', ' '),
(13, 1, 'LASTNAME', 'Nom'),
(13, 2, 'LASTNAME', 'Lastname'),
(13, 3, 'LASTNAME', ' '),
(14, 1, 'ADDRESS', 'Adresse'),
(14, 2, 'ADDRESS', 'Address'),
(14, 3, 'ADDRESS', ' '),
(15, 1, 'POSTCODE', 'Code postal'),
(15, 2, 'POSTCODE', 'Post code'),
(15, 3, 'POSTCODE', ' '),
(16, 1, 'CITY', 'Ville'),
(16, 2, 'CITY', 'City'),
(16, 3, 'CITY', ''),
(17, 1, 'MOBILE', 'Portable'),
(17, 2, 'MOBILE', 'Mobile'),
(17, 3, 'MOBILE', ''),
(18, 1, 'ADD', 'Ajouter'),
(18, 2, 'ADD', 'Add'),
(18, 3, 'ADD', ' '),
(19, 1, 'EDIT', 'Modifier'),
(19, 2, 'EDIT', 'Edit'),
(19, 3, 'EDIT', ''),
(20, 1, 'INVALID_INPUT', 'Saisie invalide'),
(20, 2, 'INVALID_INPUT', 'Invalid input'),
(20, 3, 'INVALID_INPUT', '  '),
(21, 1, 'MAIL_DELIVERY_FAILURE', 'Echec lors de l\'envoi du message.'),
(21, 2, 'MAIL_DELIVERY_FAILURE', 'A failure occurred during the delivery of this message.'),
(21, 3, 'MAIL_DELIVERY_FAILURE', '     .'),
(22, 1, 'MAIL_DELIVERY_SUCCESS', 'Merci de votre intrt, votre message a bien t envoy.\nNous vous contacterons dans les plus brefs dlais.'),
(22, 2, 'MAIL_DELIVERY_SUCCESS', 'Thank you for your interest, your message has been sent.\nWe will contact you as soon as possible.'),
(22, 3, 'MAIL_DELIVERY_SUCCESS', '      .        .'),
(23, 1, 'SEND', 'Envoyer'),
(23, 2, 'SEND', 'Send'),
(23, 3, 'SEND', ' '),
(24, 1, 'FORM_ERRORS', 'Le formulaire comporte des erreurs.'),
(24, 2, 'FORM_ERRORS', 'The following form contains some errors.'),
(24, 3, 'FORM_ERRORS', '     .'),
(25, 1, 'FROM_DATE', 'Du'),
(25, 2, 'FROM_DATE', 'From'),
(25, 3, 'FROM_DATE', ''),
(26, 1, 'TO_DATE', 'au'),
(26, 2, 'TO_DATE', 'till'),
(26, 3, 'TO_DATE', ''),
(27, 1, 'FROM', 'De'),
(27, 2, 'FROM', 'From'),
(27, 3, 'FROM', ''),
(28, 1, 'TO', ''),
(28, 2, 'TO', 'to'),
(28, 3, 'TO', ''),
(29, 1, 'BOOK', 'Rserver'),
(29, 2, 'BOOK', 'Book'),
(29, 3, 'BOOK', ''),
(30, 1, 'READMORE', 'Lire la suite'),
(30, 2, 'READMORE', 'Read more'),
(30, 3, 'READMORE', ' '),
(31, 1, 'BACK', 'Retour'),
(31, 2, 'BACK', 'Back'),
(31, 3, 'BACK', ''),
(32, 1, 'DISCOVER', 'Dcouvrir'),
(32, 2, 'DISCOVER', 'Discover'),
(32, 3, 'DISCOVER', ''),
(33, 1, 'ALL', 'Tous'),
(33, 2, 'ALL', 'All'),
(33, 3, 'ALL', ''),
(34, 1, 'ALL_RIGHTS_RESERVED', 'Tous droits rservs'),
(34, 2, 'ALL_RIGHTS_RESERVED', 'All rights reserved'),
(34, 3, 'ALL_RIGHTS_RESERVED', '  '),
(35, 1, 'FORGOTTEN_PASSWORD', 'Mot de passe oubli ?'),
(35, 2, 'FORGOTTEN_PASSWORD', 'Forgotten password?'),
(35, 3, 'FORGOTTEN_PASSWORD', '   '),
(36, 1, 'LOG_IN', 'Connexion'),
(36, 2, 'LOG_IN', 'Log in'),
(36, 3, 'LOG_IN', ' '),
(37, 1, 'SIGN_UP', 'Inscription'),
(37, 2, 'SIGN_UP', 'Sign up'),
(37, 3, 'SIGN_UP', ''),
(38, 1, 'LOG_OUT', 'Dconnexion'),
(38, 2, 'LOG_OUT', 'Log out'),
(38, 3, 'LOG_OUT', ' '),
(39, 1, 'SEARCH', 'Rechercher'),
(39, 2, 'SEARCH', 'Search'),
(39, 3, 'SEARCH', ' '),
(40, 1, 'RESET_PASS_SUCCESS', 'Votre nouveau mot de passe vous a t envoy sur votre adresse e-mail.'),
(40, 2, 'RESET_PASS_SUCCESS', 'Your new password was sent to you on your e-mail.'),
(40, 3, 'RESET_PASS_SUCCESS', '          '),
(41, 1, 'PASS_TOO_SHORT', 'Le mot de passe doit contenir 6 caractres au minimum'),
(41, 2, 'PASS_TOO_SHORT', 'The password must contain 6 characters at least'),
(41, 3, 'PASS_TOO_SHORT', '         '),
(42, 1, 'PASS_DONT_MATCH', 'Les mots de passe doivent correspondre'),
(42, 2, 'PASS_DONT_MATCH', 'The passwords don\'t match'),
(42, 3, 'PASS_DONT_MATCH', '    '),
(43, 1, 'ACCOUNT_EXISTS', 'Un compte existe dj avec cette adresse e-mail'),
(43, 2, 'ACCOUNT_EXISTS', 'An account already exists with this e-mail'),
(43, 3, 'ACCOUNT_EXISTS', '       '),
(44, 1, 'ACCOUNT_CREATED', 'Votre compte a bien t cr. Vous allez recevoir un email de confirmation. Cliquez sur le lien de cet e-mail pour confirmer votre compte avant de continuer.'),
(44, 2, 'ACCOUNT_CREATED', 'Your account has been created. You will receive a confirmation email. Click on the link in this email to confirm your account before continuing.'),
(44, 3, 'ACCOUNT_CREATED', 'Your account has been created. You will receive a confirmation email. Click on the link in this email to confirm your account before continuing.'),
(45, 1, 'INCORRECT_LOGIN', 'Les informations de connexion sont incorrectes.'),
(45, 2, 'INCORRECT_LOGIN', 'Incorrect login information.'),
(45, 3, 'INCORRECT_LOGIN', '    .'),
(46, 1, 'I_SIGN_UP', 'Je m\'inscris'),
(46, 2, 'I_SIGN_UP', 'I sign up'),
(46, 3, 'I_SIGN_UP', ' '),
(47, 1, 'ALREADY_HAVE_ACCOUNT', 'J\'ai dj un compte'),
(47, 2, 'ALREADY_HAVE_ACCOUNT', 'I already have an account'),
(47, 3, 'ALREADY_HAVE_ACCOUNT', '  '),
(48, 1, 'MY_ACCOUNT', 'Mon compte'),
(48, 2, 'MY_ACCOUNT', 'My account'),
(48, 3, 'MY_ACCOUNT', ''),
(49, 1, 'COMMENTS', 'Commentaires'),
(49, 2, 'COMMENTS', 'Comments'),
(49, 3, 'COMMENTS', ''),
(50, 1, 'LET_US_KNOW', 'Fates-nous savoir ce que vous pensez'),
(50, 2, 'LET_US_KNOW', 'Let us know what you think'),
(50, 3, 'LET_US_KNOW', '  '),
(51, 1, 'COMMENT_SUCCESS', 'Merci de votre intrt, votre commentaire va tre soumis  validation.'),
(51, 2, 'COMMENT_SUCCESS', 'Thank you for your interest, your comment will be checked.'),
(51, 3, 'COMMENT_SUCCESS', '        .'),
(52, 1, 'NO_SEARCH_RESULT', 'Aucun rsultat. Vrifiez l\'orthographe des termes de recherche (> 3 caractres) ou essayez d\'autres mots.'),
(52, 2, 'NO_SEARCH_RESULT', 'No result. Check the spelling terms of search (> 3 characters) or try other words.'),
(52, 3, 'NO_SEARCH_RESULT', ' .    (    )     .'),
(53, 1, 'SEARCH_EXCEEDED', 'Nombre de recherches dpass.'),
(53, 2, 'SEARCH_EXCEEDED', 'Number of researches exceeded.'),
(53, 3, 'SEARCH_EXCEEDED', '    .'),
(54, 1, 'SECONDS', 'secondes'),
(54, 2, 'SECONDS', 'seconds'),
(54, 3, 'SECONDS', ''),
(55, 1, 'FOR_A_TOTAL_OF', 'sur un total de'),
(55, 2, 'FOR_A_TOTAL_OF', 'for a total of'),
(55, 3, 'FOR_A_TOTAL_OF', ' '),
(56, 1, 'COMMENT', 'Commentaire'),
(56, 2, 'COMMENT', 'Comment'),
(56, 3, 'COMMENT', ''),
(57, 1, 'VIEW', 'Visionner'),
(57, 2, 'VIEW', 'View'),
(57, 3, 'VIEW', ' '),
(58, 1, 'RECENT_ARTICLES', 'Articles rcents'),
(58, 2, 'RECENT_ARTICLES', 'Recent articles'),
(58, 3, 'RECENT_ARTICLES', ' '),
(59, 1, 'RSS_FEED', 'Flux RSS'),
(59, 2, 'RSS_FEED', 'RSS feed'),
(59, 3, 'RSS_FEED', ' RSS'),
(60, 1, 'COUNTRY', 'Pays'),
(60, 2, 'COUNTRY', 'Country'),
(60, 3, 'COUNTRY', 'Country'),
(61, 1, 'ROOM', 'Chambre'),
(61, 2, 'ROOM', 'Room'),
(61, 3, 'ROOM', 'Room'),
(62, 1, 'INCL_VAT', 'TTC'),
(62, 2, 'INCL_VAT', 'incl. VAT'),
(62, 3, 'INCL_VAT', 'incl. VAT'),
(63, 1, 'NIGHTS', 'nuits'),
(63, 2, 'NIGHTS', 'nights'),
(63, 3, 'NIGHTS', 'nights'),
(64, 1, 'ADULTS', 'Adultes'),
(64, 2, 'ADULTS', 'Adults'),
(64, 3, 'ADULTS', 'Adults'),
(65, 1, 'CHILDREN', 'Enfants'),
(65, 2, 'CHILDREN', 'Children'),
(65, 3, 'CHILDREN', 'Children'),
(66, 1, 'PERSONS', 'personnes'),
(66, 2, 'PERSONS', 'persons'),
(66, 3, 'PERSONS', 'persons'),
(67, 1, 'CONTACT_DETAILS', 'Coordonnes'),
(67, 2, 'CONTACT_DETAILS', 'Contact details'),
(67, 3, 'CONTACT_DETAILS', 'Contact details'),
(68, 1, 'NO_AVAILABILITY', 'Aucune disponibilit'),
(68, 2, 'NO_AVAILABILITY', 'No availability'),
(68, 3, 'NO_AVAILABILITY', 'No availability'),
(69, 1, 'AVAILABILITIES', 'Disponibilits'),
(69, 2, 'AVAILABILITIES', 'Availabilities'),
(69, 3, 'AVAILABILITIES', 'Availabilities'),
(70, 1, 'CHECK', 'Vrifier'),
(70, 2, 'CHECK', 'Check'),
(70, 3, 'CHECK', 'Check'),
(71, 1, 'BOOKING_DETAILS', 'Dtails de la rservation'),
(71, 2, 'BOOKING_DETAILS', 'Booking details'),
(71, 3, 'BOOKING_DETAILS', 'Booking details'),
(72, 1, 'SPECIAL_REQUESTS', 'Demandes spciales'),
(72, 2, 'SPECIAL_REQUESTS', 'Special requests'),
(72, 3, 'SPECIAL_REQUESTS', 'Special requests'),
(73, 1, 'PREVIOUS_STEP', 'tape prcdente'),
(73, 2, 'PREVIOUS_STEP', 'Previous step'),
(73, 3, 'PREVIOUS_STEP', 'Previous step'),
(74, 1, 'CONFIRM_BOOKING', 'Confirmer la rservation'),
(74, 2, 'CONFIRM_BOOKING', 'Confirm the booking'),
(74, 3, 'CONFIRM_BOOKING', 'Confirm the booking'),
(75, 1, 'ALSO_DISCOVER', 'Dcouvrez aussi'),
(75, 2, 'ALSO_DISCOVER', 'Also discover'),
(75, 3, 'ALSO_DISCOVER', 'Also discover'),
(76, 1, 'CHECK_PEOPLE', 'Merci de vrifier le nombre de personnes pour l\'hbergement choisi.'),
(76, 2, 'CHECK_PEOPLE', 'Please verify the number of people for the chosen accommodation'),
(76, 3, 'CHECK_PEOPLE', 'Please verify the number of people for the chosen accommodation'),
(77, 1, 'BOOKING', 'Rservation'),
(77, 2, 'BOOKING', 'Booking'),
(77, 3, 'BOOKING', 'Booking'),
(78, 1, 'NIGHT', 'nuit'),
(78, 2, 'NIGHT', 'night'),
(78, 3, 'NIGHT', 'night'),
(79, 1, 'WEEK', 'semaine'),
(79, 2, 'WEEK', 'week'),
(79, 3, 'WEEK', 'week'),
(80, 1, 'EXTRA_SERVICES', 'Services supplmentaires'),
(80, 2, 'EXTRA_SERVICES', 'Extra services'),
(80, 3, 'EXTRA_SERVICES', 'Extra services'),
(81, 1, 'BOOKING_TERMS', ''),
(81, 2, 'BOOKING_TERMS', ''),
(81, 3, 'BOOKING_TERMS', ''),
(82, 1, 'NEXT_STEP', 'tape suivante'),
(82, 2, 'NEXT_STEP', 'Next step'),
(82, 3, 'NEXT_STEP', 'Next step'),
(83, 1, 'TOURIST_TAX', 'Taxe de sjour'),
(83, 2, 'TOURIST_TAX', 'Tourist tax'),
(83, 3, 'TOURIST_TAX', 'Tourist tax'),
(84, 1, 'CHECK_IN', 'Arrive'),
(84, 2, 'CHECK_IN', 'Check in'),
(84, 3, 'CHECK_IN', 'Check in'),
(85, 1, 'CHECK_OUT', 'Dpart'),
(85, 2, 'CHECK_OUT', 'Check out'),
(85, 3, 'CHECK_OUT', 'Check out'),
(86, 1, 'TOTAL', 'Total'),
(86, 2, 'TOTAL', 'Total'),
(86, 3, 'TOTAL', 'Total'),
(87, 1, 'CAPACITY', 'Capacit'),
(87, 2, 'CAPACITY', 'Capacity'),
(87, 3, 'CAPACITY', 'Capacity'),
(88, 1, 'FACILITIES', 'quipements'),
(88, 2, 'FACILITIES', 'Facilities'),
(88, 3, 'FACILITIES', 'Facilities'),
(89, 1, 'PRICE', 'Prix'),
(89, 2, 'PRICE', 'Price'),
(89, 3, 'PRICE', 'Price'),
(90, 1, 'MORE_DETAILS', 'Plus d\'infos'),
(90, 2, 'MORE_DETAILS', 'More details'),
(90, 3, 'MORE_DETAILS', 'More details'),
(91, 1, 'FROM_PRICE', ' partir de'),
(91, 2, 'FROM_PRICE', 'From'),
(91, 3, 'FROM_PRICE', 'From'),
(92, 1, 'AMOUNT', 'Montant'),
(92, 2, 'AMOUNT', 'Amount'),
(92, 3, 'AMOUNT', 'Amount'),
(93, 1, 'PAY', 'Payer'),
(93, 2, 'PAY', 'Check out'),
(93, 3, 'PAY', 'Check out'),
(94, 1, 'PAYMENT_PAYPAL_NOTICE', 'Cliquez sur \"Payer\" ci-dessous, vous allez tre redirig vers le site scuris de PayPal'),
(94, 2, 'PAYMENT_PAYPAL_NOTICE', 'Click on \"Check Out\" below, you will be redirected towards the secure site of PayPal'),
(94, 3, 'PAYMENT_PAYPAL_NOTICE', 'Click on \"Check Out\" below, you will be redirected towards the secure site of PayPal'),
(95, 1, 'PAYMENT_CANCEL_NOTICE', 'Le paiement a t annul.<br>Merci de votre visite et  bientt.'),
(95, 2, 'PAYMENT_CANCEL_NOTICE', 'The payment has been cancelled.<br>Thank you for your visit and see you soon.'),
(95, 3, 'PAYMENT_CANCEL_NOTICE', 'The payment has been cancelled.<br>Thank you for your visit and see you soon.'),
(96, 1, 'PAYMENT_SUCCESS_NOTICE', 'Le paiement a t ralis avec succs.<br>Merci de votre visite et  bientt !'),
(96, 2, 'PAYMENT_SUCCESS_NOTICE', 'Your payment has been successfully processed.<br>Thank you for your visit and see you soon!'),
(96, 3, 'PAYMENT_SUCCESS_NOTICE', 'Your payment has been successfully processed.<br>Thank you for your visit and see you soon!'),
(97, 1, 'BILLING_ADDRESS', 'Adresse de facturation'),
(97, 2, 'BILLING_ADDRESS', 'Billing address'),
(97, 3, 'BILLING_ADDRESS', 'Billing address'),
(98, 1, 'DOWN_PAYMENT', 'Acompte'),
(98, 2, 'DOWN_PAYMENT', 'Down payment'),
(98, 3, 'DOWN_PAYMENT', 'Down payment'),
(99, 1, 'PAYMENT_CHECK_NOTICE', 'Merci d\'envoyer un chque  \"Panda Multi Resorts, Neeloafaru Magu, Maldives\" d\'un montant de {amount}.<br>Votre rservation sera valide  rception du paiement.<br>Merci de votre visite et  bientt !'),
(99, 2, 'PAYMENT_CHECK_NOTICE', 'Thank you for sending a check of {amount} to \"Panda Multi Resorts, Neeloafaru Magu, Maldives\".<br>Your reservation will be confirmed upon receipt of the payment.<br>Thank you for your visit and see you soon!'),
(99, 3, 'PAYMENT_CHECK_NOTICE', 'Thank you for sending a check of {amount} to \"Panda Multi Resorts, Neeloafaru Magu, Maldives\".<br>Your reservation will be confirmed upon receipt of the payment.<br>Thank you for your visit and see you soon!'),
(100, 1, 'PAYMENT_ARRIVAL_NOTICE', 'Veuillez rgler le solde de votre rservation d\'un montant de {amount}  votre arrive.<br>Merci de votre visite et  bientt !'),
(100, 2, 'PAYMENT_ARRIVAL_NOTICE', 'Thank you for paying the balance of {amount} for your booking on your arrival.<br>Thank you for your visit and see you soon!'),
(100, 3, 'PAYMENT_ARRIVAL_NOTICE', 'Thank you for paying the balance of {amount} for your booking on your arrival.<br>Thank you for your visit and see you soon!'),
(101, 1, 'MAX_PEOPLE', 'Pers. max'),
(101, 2, 'MAX_PEOPLE', 'Max people'),
(101, 3, 'MAX_PEOPLE', 'Max people'),
(102, 1, 'VAT_AMOUNT', 'Dont TVA'),
(102, 2, 'VAT_AMOUNT', 'VAT amount'),
(102, 3, 'VAT_AMOUNT', 'VAT amount'),
(103, 1, 'MIN_NIGHTS', 'Nuits min'),
(103, 2, 'MIN_NIGHTS', 'Min nights'),
(103, 3, 'MIN_NIGHTS', 'Min nights'),
(104, 1, 'ROOMS', 'Chambres'),
(104, 2, 'ROOMS', 'Rooms'),
(104, 3, 'ROOMS', 'Rooms'),
(105, 1, 'RATINGS', 'Note(s)'),
(105, 2, 'RATINGS', 'Rating(s)'),
(105, 3, 'RATINGS', 'Rating(s)'),
(106, 1, 'MIN_PEOPLE', 'Pers. min'),
(106, 2, 'MIN_PEOPLE', 'Min people'),
(106, 3, 'MIN_PEOPLE', 'Min people'),
(107, 1, 'HOTEL', 'Htel'),
(107, 2, 'HOTEL', 'Hotel'),
(107, 3, 'HOTEL', 'Hotel'),
(108, 1, 'MAKE_A_REQUEST', 'Faire une demande'),
(108, 2, 'MAKE_A_REQUEST', 'Make a request'),
(108, 3, 'MAKE_A_REQUEST', 'Make a request'),
(109, 1, 'FULLNAME', 'Nom complet'),
(109, 2, 'FULLNAME', 'Full Name'),
(109, 3, 'FULLNAME', 'Full Name'),
(110, 1, 'PASSWORD', 'Mot de passe'),
(110, 2, 'PASSWORD', 'Password'),
(110, 3, 'PASSWORD', 'Password'),
(111, 1, 'LOG_IN_WITH_FACEBOOK', 'Enregistrez-vous avec Facebook'),
(111, 2, 'LOG_IN_WITH_FACEBOOK', 'Log in with Facebook'),
(111, 3, 'LOG_IN_WITH_FACEBOOK', 'Log in with Facebook'),
(112, 1, 'OR', 'Ou'),
(112, 2, 'OR', 'Or'),
(112, 3, 'OR', 'Or'),
(113, 1, 'NEW_PASSWORD', 'Nouveau mot de passe'),
(113, 2, 'NEW_PASSWORD', 'New password'),
(113, 3, 'NEW_PASSWORD', 'New password'),
(114, 1, 'NEW_PASSWORD_NOTICE', 'Merci d\'entrer l\'adresse e-mail correspondant  votre compte. Un nouveau mot de passe vous sera envoy par e-mail.'),
(114, 2, 'NEW_PASSWORD_NOTICE', 'Please enter your e-mail address corresponding to your account. A new password will be sent to you by e-mail.'),
(114, 3, 'NEW_PASSWORD_NOTICE', 'Please enter your e-mail address corresponding to your account. A new password will be sent to you by e-mail.'),
(115, 1, 'USERNAME', 'Utilisateur'),
(115, 2, 'USERNAME', 'Username'),
(115, 3, 'USERNAME', 'Username'),
(116, 1, 'PASSWORD_CONFIRM', 'Confirmer mot de passe'),
(116, 2, 'PASSWORD_CONFIRM', 'Confirm password'),
(116, 3, 'PASSWORD_CONFIRM', 'Confirm password'),
(117, 1, 'USERNAME_EXISTS', 'Un compte existe dj avec ce nom d\'utilisateur'),
(117, 2, 'USERNAME_EXISTS', 'An account already exists with this username'),
(117, 3, 'USERNAME_EXISTS', 'An account already exists with this username'),
(118, 1, 'ACCOUNT_EDIT_SUCCESS', 'Les informations de votre compte ont bien t modifies.'),
(118, 2, 'ACCOUNT_EDIT_SUCCESS', 'Your account information have been changed.'),
(118, 3, 'ACCOUNT_EDIT_SUCCESS', 'Your account information have been changed.'),
(119, 1, 'ACCOUNT_EDIT_FAILURE', 'Echec de la modification des informations de compte.'),
(119, 2, 'ACCOUNT_EDIT_FAILURE', 'An error occured during the modification of the account information.'),
(119, 3, 'ACCOUNT_EDIT_FAILURE', 'An error occured during the modification of the account information.'),
(120, 1, 'ACCOUNT_CREATE_FAILURE', 'Echec de la cration du compte.'),
(120, 2, 'ACCOUNT_CREATE_FAILURE', 'Failed to create account.'),
(120, 3, 'ACCOUNT_CREATE_FAILURE', 'Failed to create account.'),
(121, 1, 'PAYMENT_CHECK', 'Par chque'),
(121, 2, 'PAYMENT_CHECK', 'By check'),
(121, 3, 'PAYMENT_CHECK', 'By check'),
(122, 1, 'PAYMENT_ARRIVAL', 'A l\'arrive'),
(122, 2, 'PAYMENT_ARRIVAL', 'On arrival'),
(122, 3, 'PAYMENT_ARRIVAL', 'On arrival'),
(123, 1, 'CHOOSE_PAYMENT', 'Choisissez un moyen de paiement'),
(123, 2, 'CHOOSE_PAYMENT', 'Choose a method of payment'),
(123, 3, 'CHOOSE_PAYMENT', 'Choose a method of payment'),
(124, 1, 'PAYMENT_CREDIT_CARDS', 'Cartes de credit'),
(124, 2, 'PAYMENT_CREDIT_CARDS', 'Credit cards'),
(124, 3, 'PAYMENT_CREDIT_CARDS', 'Credit cards'),
(125, 1, 'MAX_ADULTS', 'Adultes max'),
(125, 2, 'MAX_ADULTS', 'Max adults'),
(125, 3, 'MAX_ADULTS', 'Max adults'),
(126, 1, 'MAX_CHILDREN', 'Enfants max'),
(126, 2, 'MAX_CHILDREN', 'Max children'),
(126, 3, 'MAX_CHILDREN', 'Max children'),
(127, 1, 'PAYMENT_CARDS_NOTICE', 'Cliquez sur \"Payer\" ci-dessous, vous allez tre redirig vers le site scuris de 2Checkout.com'),
(127, 2, 'PAYMENT_CARDS_NOTICE', 'Click on \"Check Out\" below, you will be redirected towards the secure site of 2Checkout.com'),
(127, 3, 'PAYMENT_CARDS_NOTICE', 'Click on \"Check Out\" below, you will be redirected towards the secure site of 2Checkout.com'),
(128, 1, 'COOKIES_NOTICE', 'Les cookies nous aident  fournir une meilleure exprience utilisateur. En utilisant notre site, vous acceptez l\'utilisation de cookies.'),
(128, 2, 'COOKIES_NOTICE', 'Cookies help us provide better user experience. By using our website, you agree to the use of cookies.'),
(128, 3, 'COOKIES_NOTICE', 'Cookies help us provide better user experience. By using our website, you agree to the use of cookies.'),
(129, 1, 'DURATION', 'Dure'),
(129, 2, 'DURATION', 'Duration'),
(129, 3, 'DURATION', 'Duration'),
(130, 1, 'PERSON', 'Personne'),
(130, 2, 'PERSON', 'Person'),
(130, 3, 'PERSON', 'Person'),
(131, 1, 'CHOOSE_A_DATE', 'Choisissez une date'),
(131, 2, 'CHOOSE_A_DATE', 'Choose a date'),
(131, 3, 'CHOOSE_A_DATE', 'Choose a date'),
(132, 1, 'TIMESLOT', 'Horaire'),
(132, 2, 'TIMESLOT', 'Time slot'),
(132, 3, 'TIMESLOT', 'Time slot'),
(133, 1, 'ACTIVITIES', 'Activits'),
(133, 2, 'ACTIVITIES', 'Activities'),
(133, 3, 'ACTIVITIES', 'Activities'),
(134, 1, 'DESTINATION', 'Destination'),
(134, 2, 'DESTINATION', 'Destination'),
(134, 3, 'DESTINATION', 'Destination'),
(135, 1, 'NO_HOTEL_FOUND', 'Aucun hotel trouv'),
(135, 2, 'NO_HOTEL_FOUND', 'No hotel found'),
(135, 3, 'NO_HOTEL_FOUND', 'No hotel found'),
(136, 1, 'FOR', 'pour'),
(136, 2, 'FOR', 'for'),
(136, 3, 'FOR', 'for'),
(137, 1, 'FIND_ACTIVITIES_AND_TOURS', 'Dcouvrez nos activits et excursions'),
(137, 2, 'FIND_ACTIVITIES_AND_TOURS', 'Find out our activities and tours'),
(137, 3, 'FIND_ACTIVITIES_AND_TOURS', 'Find out our activities and tours'),
(138, 1, 'MINUTES', 'minute(s)'),
(138, 2, 'MINUTES', 'minute(s)'),
(138, 3, 'MINUTES', 'minute(s)'),
(139, 1, 'HOURS', 'heure(s)'),
(139, 2, 'HOURS', 'hour(s)'),
(139, 3, 'HOURS', 'hour(s)'),
(140, 1, 'DAYS', 'jour(s)'),
(140, 2, 'DAYS', 'day(s)'),
(140, 3, 'DAYS', 'day(s)'),
(141, 1, 'WEEKS', 'semaine(s)'),
(141, 2, 'WEEKS', 'week(s)'),
(141, 3, 'WEEKS', 'week(s)'),
(142, 1, 'RESULTS', 'Rsultats'),
(142, 2, 'RESULTS', 'Results'),
(142, 3, 'RESULTS', 'Results'),
(143, 1, 'BOOKING_HISTORY', 'Historique des rservations'),
(143, 2, 'BOOKING_HISTORY', 'Booking history'),
(143, 3, 'BOOKING_HISTORY', 'Booking history'),
(144, 1, 'BOOKING_SUMMARY', 'Rsum de la rservation'),
(144, 2, 'BOOKING_SUMMARY', 'Booking summary'),
(144, 3, 'BOOKING_SUMMARY', 'Booking summary'),
(145, 1, 'BOOKING_DATE', 'Date de la rservations'),
(145, 2, 'BOOKING_DATE', 'Booking date'),
(145, 3, 'BOOKING_DATE', 'Booking date'),
(146, 1, 'NO_BOOKING_YET', 'Pas encore de rservation...'),
(146, 2, 'NO_BOOKING_YET', 'No booking yet...'),
(146, 3, 'NO_BOOKING_YET', 'No booking yet...'),
(147, 1, 'PAYMENT', 'Paiement'),
(147, 2, 'PAYMENT', 'Payment'),
(147, 3, 'PAYMENT', 'Payment'),
(148, 1, 'PAYMENT_DATE', 'Date du paiement'),
(148, 2, 'PAYMENT_DATE', 'Payment date'),
(148, 3, 'PAYMENT_DATE', 'Payment date'),
(149, 1, 'PAYMENT_METHOD', 'Mthode de paiement'),
(149, 2, 'PAYMENT_METHOD', 'Payment method'),
(149, 3, 'PAYMENT_METHOD', 'Payment method'),
(150, 1, 'NUM_TRANSACTION', 'Ntransaction'),
(150, 2, 'NUM_TRANSACTION', 'Num. transaction'),
(150, 3, 'NUM_TRANSACTION', 'Num. transaction'),
(151, 1, 'STATUS', 'Statut'),
(151, 2, 'STATUS', 'Status'),
(151, 3, 'STATUS', 'Status'),
(152, 1, 'AWAITING', 'En attente'),
(152, 2, 'AWAITING', 'Awaiting'),
(152, 3, 'AWAITING', 'Awaiting'),
(153, 1, 'CANCELLED', 'Annul'),
(153, 2, 'CANCELLED', 'Cancelled'),
(153, 3, 'CANCELLED', 'Cancelled'),
(154, 1, 'REJECTED_PAYMENT', 'Paiement rejet'),
(154, 2, 'REJECTED_PAYMENT', 'Rejected payment'),
(154, 3, 'REJECTED_PAYMENT', 'Rejected payment'),
(155, 1, 'PAYED', 'Pay'),
(155, 2, 'PAYED', 'Payed'),
(155, 3, 'PAYED', 'Payed'),
(156, 1, 'INCL_TAX', 'TTC'),
(156, 2, 'INCL_TAX', 'incl. tax'),
(156, 3, 'INCL_TAX', 'incl. tax'),
(157, 1, 'TAGS', 'Tags'),
(157, 2, 'TAGS', 'Tags'),
(157, 3, 'TAGS', 'Tags'),
(158, 1, 'ARCHIVES', 'Archives'),
(158, 2, 'ARCHIVES', 'Archives'),
(158, 3, 'ARCHIVES', 'Archives'),
(159, 1, 'STARS', 'toiles'),
(159, 2, 'STARS', 'Stars'),
(159, 3, 'STARS', 'Stars'),
(160, 1, 'HOTEL_CLASS', 'Catgorie d\'Htel'),
(160, 2, 'HOTEL_CLASS', 'Hotel Class'),
(160, 3, 'HOTEL_CLASS', 'Hotel Class'),
(161, 1, 'YOUR_BUDGET', 'Votre Budget'),
(161, 2, 'YOUR_BUDGET', 'Your Budget'),
(161, 3, 'YOUR_BUDGET', 'Your Budget'),
(162, 1, 'LOAD_MORE', 'Voir plus'),
(162, 2, 'LOAD_MORE', 'Load more'),
(162, 3, 'LOAD_MORE', 'Load more'),
(163, 1, 'DO_YOU_HAVE_A_COUPON', 'Avez-vous un code promo ?'),
(163, 2, 'DO_YOU_HAVE_A_COUPON', 'Do you have a coupon?'),
(163, 3, 'DO_YOU_HAVE_A_COUPON', 'Do you have a coupon?'),
(164, 1, 'DISCOUNT', 'Rduction'),
(164, 2, 'DISCOUNT', 'Discount'),
(164, 3, 'DISCOUNT', 'Discount'),
(165, 1, 'COUPON_CODE_SUCCESS', 'Flicitations ! Le code promo a t ajout avec succs.'),
(165, 2, 'COUPON_CODE_SUCCESS', 'Congratulations! The coupon code has been successfully added.'),
(165, 3, 'COUPON_CODE_SUCCESS', 'Congratulations! The coupon code has been successfully added.'),
(166, 1, 'ROOMS', 'chambres'),
(166, 2, 'ROOMS', 'rooms'),
(166, 3, 'ROOMS', 'rooms'),
(167, 1, 'ADULT', 'adulte'),
(167, 2, 'ADULT', 'adult'),
(167, 3, 'ADULT', 'adult'),
(168, 1, 'CHILD', 'enfant'),
(168, 2, 'CHILD', 'child'),
(168, 3, 'CHILD', 'child'),
(169, 1, 'ACTIVITY', 'Activit'),
(169, 2, 'ACTIVITY', 'Activity'),
(169, 3, 'ACTIVITY', 'Activity'),
(170, 1, 'DATE', 'Date'),
(170, 2, 'DATE', 'Date'),
(170, 3, 'DATE', 'Date'),
(171, 1, 'QUANTITY', 'Quantit'),
(171, 2, 'QUANTITY', 'Quantity'),
(171, 3, 'QUANTITY', 'Quantity'),
(172, 1, 'SERVICE', 'Service'),
(172, 2, 'SERVICE', 'Service'),
(172, 3, 'SERVICE', 'Service'),
(173, 1, 'BOOKING_NOTICE', '<h2>Rservez sur notre site</h2><p class=\"lead mb0\">Dpchez-vous ! Slectionnez vos chambres, compltez votre rservation et profitez de nos packages et offres spciales ! <br><b>Meilleur prix garanti !</b></p>'),
(173, 2, 'BOOKING_NOTICE', '<h2>Book on our website</h2><p class=\"lead mb0\">Hurry up! Select the your rooms, complete your booking and take advantage of our special offers and packages!<br><b>Best price guarantee!</b></p>'),
(173, 3, 'BOOKING_NOTICE', '<h2>Book on our website</h2><p class=\"lead mb0\">Hurry up! Select the your rooms, complete your booking and take advantage of our special offers and packages!<br><b>Best price guarantee!</b></p>'),
(174, 1, 'NUM_ROOMS', 'Nb chambres'),
(174, 2, 'NUM_ROOMS', 'Num rooms'),
(174, 3, 'NUM_ROOMS', 'Num rooms'),
(175, 1, 'TOP_DESTINATIONS', 'Top Destinations'),
(175, 2, 'TOP_DESTINATIONS', 'Top Destinations'),
(175, 3, 'TOP_DESTINATIONS', 'Top Destinations'),
(176, 1, 'BEST_RATES_SUBTITLE', 'Meilleurs tarifs  partir de seulement {min_price}'),
(176, 2, 'BEST_RATES_SUBTITLE', 'Best rates starting at just {min_price}'),
(176, 3, 'BEST_RATES_SUBTITLE', 'Best rates starting at just {min_price}'),
(177, 1, 'CONTINUE_AS_GUEST', 'Continuer sans m\'enregistrer'),
(177, 2, 'CONTINUE_AS_GUEST', 'Continue as guest'),
(177, 3, 'CONTINUE_AS_GUEST', 'Continue as guest'),
(178, 1, 'PRIVACY_POLICY_AGREEMENT', '<small>J\'accepte que les informations recueillies par ce formulaire soient stockes dans un fichier informatis afin de traiter ma demande.<br>Conformment au \"Rglement Gnral sur la Protection des Donnes\", vous pouvez exercer votre droit d\'accs aux donnes vous concernant et les faire rectifier via le formulaire de contact.</small>'),
(178, 2, 'PRIVACY_POLICY_AGREEMENT', '<small>I agree that the information collected by this form will be stored in a database in order to process my request.<br>In accordance with the \"General Data Protection Regulation\", you can exercise your right to access to your data and make them rectified via the contact form.</small>'),
(178, 3, 'PRIVACY_POLICY_AGREEMENT', '<small>I agree that the information collected by this form will be stored in a database in order to process my request.<br>In accordance with the \"General Data Protection Regulation\", you can exercise your right to access to your data and make them rectified via the contact form.</small>');

-- --------------------------------------------------------

--
-- Table structure for table `pm_user`
--

DROP TABLE IF EXISTS `pm_user`;
CREATE TABLE IF NOT EXISTS `pm_user` (
  `id` int(11) NOT NULL AUTO_INCREMENT,
  `firstname` varchar(100) DEFAULT NULL,
  `lastname` varchar(100) DEFAULT NULL,
  `email` varchar(100) DEFAULT NULL,
  `login` varchar(50) DEFAULT NULL,
  `pass` varchar(100) DEFAULT NULL,
  `type` varchar(20) DEFAULT NULL,
  `add_date` int(11) DEFAULT NULL,
  `edit_date` int(11) DEFAULT NULL,
  `checked` int(11) DEFAULT '0',
  `fb_id` varchar(50) DEFAULT NULL,
  `address` varchar(250) DEFAULT NULL,
  `postcode` varchar(10) DEFAULT NULL,
  `city` varchar(100) DEFAULT NULL,
  `company` varchar(100) DEFAULT NULL,
  `country` varchar(100) DEFAULT NULL,
  `mobile` varchar(50) DEFAULT NULL,
  `phone` varchar(50) DEFAULT NULL,
  `token` varchar(50) DEFAULT NULL,
  PRIMARY KEY (`id`)
) ENGINE=InnoDB AUTO_INCREMENT=2 DEFAULT CHARSET=utf8;

--
-- Dumping data for table `pm_user`
--

INSERT INTO `pm_user` (`id`, `firstname`, `lastname`, `email`, `login`, `pass`, `type`, `add_date`, `edit_date`, `checked`, `fb_id`, `address`, `postcode`, `city`, `company`, `country`, `mobile`, `phone`, `token`) VALUES
(1, 'Administrator', '', 'am@live.at', 'admin', '5f4dcc3b5aa765d61d8327deb882cf99', 'administrator', 1545101579, 1545101579, 1, '', '', '', '', '', '', '', '', '');

-- --------------------------------------------------------

--
-- Table structure for table `pm_widget`
--

DROP TABLE IF EXISTS `pm_widget`;
CREATE TABLE IF NOT EXISTS `pm_widget` (
  `id` int(11) NOT NULL AUTO_INCREMENT,
  `lang` int(11) NOT NULL,
  `title` varchar(250) DEFAULT NULL,
  `showtitle` int(11) DEFAULT NULL,
  `pos` varchar(20) DEFAULT NULL,
  `allpages` int(11) DEFAULT NULL,
  `pages` varchar(250) DEFAULT NULL,
  `type` varchar(20) DEFAULT NULL,
  `content` longtext,
  `class` varchar(200) DEFAULT NULL,
  `checked` int(11) DEFAULT '0',
  `rank` int(11) DEFAULT '0',
  PRIMARY KEY (`id`,`lang`),
  KEY `widget_lang_fkey` (`lang`)
) ENGINE=InnoDB AUTO_INCREMENT=7 DEFAULT CHARSET=utf8;

--
-- Dumping data for table `pm_widget`
--

INSERT INTO `pm_widget` (`id`, `lang`, `title`, `showtitle`, `pos`, `allpages`, `pages`, `type`, `content`, `class`, `checked`, `rank`) VALUES
(1, 1, 'Qui sommes-nous ?', 1, 'footer_col_1', 1, '', '', '<p>Lorem ipsum dolor sit amet, consectetur adipiscing elit. Vestibulum eget auctor ipsum. Mauris pharetra neque a mauris commodo, at aliquam leo malesuada. Maecenas eget elit eu ligula rhoncus dapibus at non erat. In sed velit eget eros gravida consectetur varius imperdiet lectus.</p>\r\n', NULL, 1, 1),
(1, 2, 'About us', 1, 'footer_col_1', 1, '', '', '<p>Lorem ipsum dolor sit amet, consectetur adipiscing elit. Vestibulum eget auctor ipsum. Mauris pharetra neque a mauris commodo, at aliquam leo malesuada. Maecenas eget elit eu ligula rhoncus dapibus at non erat. In sed velit eget eros gravida consectetur varius imperdiet lectus.</p>\r\n', NULL, 1, 1),
(1, 3, '', 1, 'footer_col_1', 1, '', '', '<p>Lorem ipsum dolor sit amet, consectetur adipiscing elit. Vestibulum eget auctor ipsum. Mauris pharetra neque a mauris commodo, at aliquam leo malesuada. Maecenas eget elit eu ligula rhoncus dapibus at non erat. In sed velit eget eros gravida consectetur varius imperdiet lectus.</p>\r\n', NULL, 1, 1),
(3, 1, 'Derniers articles', 1, 'footer_col_2', 1, '', 'latest_articles', '', '', 1, 2),
(3, 2, 'Latest articles', 1, 'footer_col_2', 1, '', 'latest_articles', '', '', 1, 2),
(3, 3, ' ', 1, 'footer_col_2', 1, '', 'latest_articles', '', '', 1, 2),
(4, 1, 'Contactez-nous', 0, 'footer_col_3', 1, '', 'contact_informations', '', '', 1, 3),
(4, 2, 'Contact us', 0, 'footer_col_3', 1, '', 'contact_informations', '', '', 1, 3),
(4, 3, ' ', 0, 'footer_col_3', 1, '', 'contact_informations', '', '', 1, 3),
(5, 1, 'Footer form', 0, 'footer_col_3', 1, '', 'footer_form', '', 'footer-form mt10', 0, 4),
(5, 2, 'Footer form', 0, 'footer_col_3', 1, '', 'footer_form', '', 'footer-form mt10', 0, 4),
(5, 3, 'Footer form', 0, 'footer_col_3', 1, '', 'footer_form', '', 'footer-form mt10', 0, 4),
(6, 1, 'Blog side', 0, 'right', 0, '17', 'blog_side', '', '', 1, 5),
(6, 2, 'Blog side', 0, 'right', 0, '17', 'blog_side', '', '', 1, 5),
(6, 3, 'Blog side', 0, 'right', 0, '17', 'blog_side', '', '', 1, 5);

--
-- Constraints for dumped tables
--

--
-- Constraints for table `pm_activity`
--
ALTER TABLE `pm_activity`
  ADD CONSTRAINT `activity_lang_fkey` FOREIGN KEY (`lang`) REFERENCES `pm_lang` (`id`) ON DELETE CASCADE ON UPDATE NO ACTION;

--
-- Constraints for table `pm_activity_file`
--
ALTER TABLE `pm_activity_file`
  ADD CONSTRAINT `activity_file_fkey` FOREIGN KEY (`id_item`,`lang`) REFERENCES `pm_activity` (`id`, `lang`) ON DELETE CASCADE ON UPDATE NO ACTION,
  ADD CONSTRAINT `activity_file_lang_fkey` FOREIGN KEY (`lang`) REFERENCES `pm_lang` (`id`) ON DELETE CASCADE ON UPDATE NO ACTION;

--
-- Constraints for table `pm_activity_session`
--
ALTER TABLE `pm_activity_session`
  ADD CONSTRAINT `activity_session_fkey` FOREIGN KEY (`id_activity`) REFERENCES `pm_activity` (`id`) ON DELETE CASCADE ON UPDATE NO ACTION;

--
-- Constraints for table `pm_activity_session_hour`
--
ALTER TABLE `pm_activity_session_hour`
  ADD CONSTRAINT `activity_session_hour_fkey` FOREIGN KEY (`id_activity_session`) REFERENCES `pm_activity_session` (`id`) ON DELETE CASCADE ON UPDATE NO ACTION;

--
-- Constraints for table `pm_article`
--
ALTER TABLE `pm_article`
  ADD CONSTRAINT `article_lang_fkey` FOREIGN KEY (`lang`) REFERENCES `pm_lang` (`id`) ON DELETE CASCADE ON UPDATE NO ACTION,
  ADD CONSTRAINT `article_page_fkey` FOREIGN KEY (`id_page`,`lang`) REFERENCES `pm_page` (`id`, `lang`) ON DELETE CASCADE ON UPDATE NO ACTION;

--
-- Constraints for table `pm_article_file`
--
ALTER TABLE `pm_article_file`
  ADD CONSTRAINT `article_file_fkey` FOREIGN KEY (`id_item`,`lang`) REFERENCES `pm_article` (`id`, `lang`) ON DELETE CASCADE ON UPDATE NO ACTION,
  ADD CONSTRAINT `article_file_lang_fkey` FOREIGN KEY (`lang`) REFERENCES `pm_lang` (`id`) ON DELETE CASCADE ON UPDATE NO ACTION;

--
-- Constraints for table `pm_booking_activity`
--
ALTER TABLE `pm_booking_activity`
  ADD CONSTRAINT `booking_activity_fkey` FOREIGN KEY (`id_booking`) REFERENCES `pm_booking` (`id`) ON DELETE CASCADE ON UPDATE NO ACTION;

--
-- Constraints for table `pm_booking_room`
--
ALTER TABLE `pm_booking_room`
  ADD CONSTRAINT `booking_room_fkey` FOREIGN KEY (`id_booking`) REFERENCES `pm_booking` (`id`) ON DELETE CASCADE ON UPDATE NO ACTION;

--
-- Constraints for table `pm_booking_service`
--
ALTER TABLE `pm_booking_service`
  ADD CONSTRAINT `booking_service_fkey` FOREIGN KEY (`id_booking`) REFERENCES `pm_booking` (`id`) ON DELETE CASCADE ON UPDATE NO ACTION;

--
-- Constraints for table `pm_booking_tax`
--
ALTER TABLE `pm_booking_tax`
  ADD CONSTRAINT `booking_tax_fkey` FOREIGN KEY (`id_booking`) REFERENCES `pm_booking` (`id`) ON DELETE CASCADE ON UPDATE NO ACTION;

--
-- Constraints for table `pm_destination_file`
--
ALTER TABLE `pm_destination_file`
  ADD CONSTRAINT `destination_file_fkey` FOREIGN KEY (`id_item`,`lang`) REFERENCES `pm_destination` (`id`, `lang`) ON DELETE CASCADE ON UPDATE NO ACTION,
  ADD CONSTRAINT `destination_file_lang_fkey` FOREIGN KEY (`lang`) REFERENCES `pm_lang` (`id`) ON DELETE CASCADE ON UPDATE NO ACTION;

--
-- Constraints for table `pm_email_content`
--
ALTER TABLE `pm_email_content`
  ADD CONSTRAINT `email_content_lang_fkey` FOREIGN KEY (`lang`) REFERENCES `pm_lang` (`id`) ON DELETE CASCADE ON UPDATE NO ACTION;

--
-- Constraints for table `pm_facility`
--
ALTER TABLE `pm_facility`
  ADD CONSTRAINT `facility_lang_fkey` FOREIGN KEY (`lang`) REFERENCES `pm_lang` (`id`) ON DELETE CASCADE ON UPDATE NO ACTION;

--
-- Constraints for table `pm_facility_file`
--
ALTER TABLE `pm_facility_file`
  ADD CONSTRAINT `facility_file_fkey` FOREIGN KEY (`id_item`,`lang`) REFERENCES `pm_facility` (`id`, `lang`) ON DELETE CASCADE ON UPDATE NO ACTION,
  ADD CONSTRAINT `facility_file_lang_fkey` FOREIGN KEY (`lang`) REFERENCES `pm_lang` (`id`) ON DELETE CASCADE ON UPDATE NO ACTION;

--
-- Constraints for table `pm_hotel`
--
ALTER TABLE `pm_hotel`
  ADD CONSTRAINT `hotel_lang_fkey` FOREIGN KEY (`lang`) REFERENCES `pm_lang` (`id`) ON DELETE CASCADE ON UPDATE NO ACTION;

--
-- Constraints for table `pm_hotel_file`
--
ALTER TABLE `pm_hotel_file`
  ADD CONSTRAINT `hotel_file_fkey` FOREIGN KEY (`id_item`,`lang`) REFERENCES `pm_hotel` (`id`, `lang`) ON DELETE CASCADE ON UPDATE NO ACTION,
  ADD CONSTRAINT `hotel_file_lang_fkey` FOREIGN KEY (`lang`) REFERENCES `pm_lang` (`id`) ON DELETE CASCADE ON UPDATE NO ACTION;

--
-- Constraints for table `pm_lang_file`
--
ALTER TABLE `pm_lang_file`
  ADD CONSTRAINT `lang_file_fkey` FOREIGN KEY (`id_item`) REFERENCES `pm_lang` (`id`) ON DELETE CASCADE ON UPDATE NO ACTION;

--
-- Constraints for table `pm_media_file`
--
ALTER TABLE `pm_media_file`
  ADD CONSTRAINT `media_file_fkey` FOREIGN KEY (`id_item`) REFERENCES `pm_media` (`id`) ON DELETE CASCADE ON UPDATE NO ACTION;

--
-- Constraints for table `pm_menu`
--
ALTER TABLE `pm_menu`
  ADD CONSTRAINT `menu_lang_fkey` FOREIGN KEY (`lang`) REFERENCES `pm_lang` (`id`) ON DELETE CASCADE ON UPDATE NO ACTION;

--
-- Constraints for table `pm_page`
--
ALTER TABLE `pm_page`
  ADD CONSTRAINT `page_lang_fkey` FOREIGN KEY (`lang`) REFERENCES `pm_lang` (`id`) ON DELETE CASCADE ON UPDATE NO ACTION;

--
-- Constraints for table `pm_page_file`
--
ALTER TABLE `pm_page_file`
  ADD CONSTRAINT `page_file_fkey` FOREIGN KEY (`id_item`,`lang`) REFERENCES `pm_page` (`id`, `lang`) ON DELETE CASCADE ON UPDATE NO ACTION,
  ADD CONSTRAINT `page_file_lang_fkey` FOREIGN KEY (`lang`) REFERENCES `pm_lang` (`id`) ON DELETE CASCADE ON UPDATE NO ACTION;

--
-- Constraints for table `pm_rate`
--
ALTER TABLE `pm_rate`
  ADD CONSTRAINT `rate_room_fkey` FOREIGN KEY (`id_room`) REFERENCES `pm_room` (`id`) ON DELETE CASCADE ON UPDATE NO ACTION;

--
-- Constraints for table `pm_room`
--
ALTER TABLE `pm_room`
  ADD CONSTRAINT `room_hotel_fkey` FOREIGN KEY (`id_hotel`,`lang`) REFERENCES `pm_hotel` (`id`, `lang`) ON DELETE CASCADE ON UPDATE NO ACTION,
  ADD CONSTRAINT `room_lang_fkey` FOREIGN KEY (`lang`) REFERENCES `pm_lang` (`id`) ON DELETE CASCADE ON UPDATE NO ACTION;

--
-- Constraints for table `pm_room_file`
--
ALTER TABLE `pm_room_file`
  ADD CONSTRAINT `room_file_fkey` FOREIGN KEY (`id_item`,`lang`) REFERENCES `pm_room` (`id`, `lang`) ON DELETE CASCADE ON UPDATE NO ACTION,
  ADD CONSTRAINT `room_file_lang_fkey` FOREIGN KEY (`lang`) REFERENCES `pm_lang` (`id`) ON DELETE CASCADE ON UPDATE NO ACTION;

--
-- Constraints for table `pm_room_lock`
--
ALTER TABLE `pm_room_lock`
  ADD CONSTRAINT `room_lock_fkey` FOREIGN KEY (`id_room`) REFERENCES `pm_room` (`id`) ON DELETE CASCADE ON UPDATE NO ACTION;

--
-- Constraints for table `pm_service`
--
ALTER TABLE `pm_service`
  ADD CONSTRAINT `service_lang_fkey` FOREIGN KEY (`lang`) REFERENCES `pm_lang` (`id`) ON DELETE CASCADE ON UPDATE NO ACTION;

--
-- Constraints for table `pm_slide`
--
ALTER TABLE `pm_slide`
  ADD CONSTRAINT `slide_lang_fkey` FOREIGN KEY (`lang`) REFERENCES `pm_lang` (`id`) ON DELETE CASCADE ON UPDATE NO ACTION,
  ADD CONSTRAINT `slide_page_fkey` FOREIGN KEY (`id_page`,`lang`) REFERENCES `pm_page` (`id`, `lang`) ON DELETE CASCADE ON UPDATE NO ACTION;

--
-- Constraints for table `pm_slide_file`
--
ALTER TABLE `pm_slide_file`
  ADD CONSTRAINT `slide_file_fkey` FOREIGN KEY (`id_item`,`lang`) REFERENCES `pm_slide` (`id`, `lang`) ON DELETE CASCADE ON UPDATE NO ACTION,
  ADD CONSTRAINT `slide_file_lang_fkey` FOREIGN KEY (`lang`) REFERENCES `pm_lang` (`id`) ON DELETE CASCADE ON UPDATE NO ACTION;

--
-- Constraints for table `pm_tag`
--
ALTER TABLE `pm_tag`
  ADD CONSTRAINT `tag_lang_fkey` FOREIGN KEY (`lang`) REFERENCES `pm_lang` (`id`) ON DELETE CASCADE ON UPDATE NO ACTION;

--
-- Constraints for table `pm_tax`
--
ALTER TABLE `pm_tax`
  ADD CONSTRAINT `tax_lang_fkey` FOREIGN KEY (`lang`) REFERENCES `pm_lang` (`id`) ON DELETE CASCADE ON UPDATE NO ACTION;

--
-- Constraints for table `pm_text`
--
ALTER TABLE `pm_text`
  ADD CONSTRAINT `text_lang_fkey` FOREIGN KEY (`lang`) REFERENCES `pm_lang` (`id`) ON DELETE CASCADE ON UPDATE NO ACTION;

--
-- Constraints for table `pm_widget`
--
ALTER TABLE `pm_widget`
  ADD CONSTRAINT `widget_lang_fkey` FOREIGN KEY (`lang`) REFERENCES `pm_lang` (`id`) ON DELETE CASCADE ON UPDATE NO ACTION;
COMMIT;

/*!40101 SET CHARACTER_SET_CLIENT=@OLD_CHARACTER_SET_CLIENT */;
/*!40101 SET CHARACTER_SET_RESULTS=@OLD_CHARACTER_SET_RESULTS */;
/*!40101 SET COLLATION_CONNECTION=@OLD_COLLATION_CONNECTION */;
